name,teamName,jersey,age,it,sp,st,en,du,di,sk,pa,pc,df,sc,ex,ld
A.J. Greer,Islanders,3,23,68,67,74,62,59,45,67,62,59,68,61,35,33
Aaron Dell,Toronto,35,0,82,81,80,78,75,73,80,80,85,0,0,31,30
Aaron Ekblad,Carolina,10,24,72,75,76,82,82,69,76,79,79,79,75,55,58
Adam Brooks,Winnipeg,4,23,62,69,66,69,57,70,65,69,69,66,60,35,33
Adam Clendening,Columbus,6,26,61,72,71,64,56,67,72,57,56,71,59,39,37
Adam Erne,Edmonton,17,24,76,68,74,72,65,65,68,68,65,69,66,40,38
Adam Gaudette,Calgary,13,23,67,73,67,73,64,67,73,74,73,69,71,36,34
Adam Henrique,Columbus,27,30,70,73,71,78,85,73,73,73,74,77,76,73,71
Adam Larsson,Buffalo,18,27,82,74,76,80,65,69,74,73,70,78,67,64,67
Adam Lowry,Dallas,37,26,80,69,75,76,65,67,70,71,70,74,69,55,53
Adam McQuaid,Columbus,55,33,73,68,79,70,64,58,70,67,62,77,66,69,67
Adam Pardy,Phoenix,66,35,67,67,75,64,60,64,69,54,53,70,56,62,60
Adam Pelech,Pittsburgh,0,25,77,70,71,78,65,73,68,74,72,71,69,45,43
Adin Hill,Vancouver,17,0,77,79,75,70,70,75,81,76,80,0,0,27,27
Adrian Kempe,Winnipeg,20,23,70,72,71,76,82,67,71,74,75,69,71,43,41
Alec Martinez,Winnipeg,58,32,72,73,76,80,65,74,73,74,75,75,71,73,71
Aleksander Barkov,Edmonton,4,24,70,78,78,83,79,78,77,86,85,77,79,57,65
Aleksi Saarela,Minnesota,7,23,65,67,67,69,57,70,67,69,67,64,69,35,33
Ales Hemsky,Detroit,84,36,63,71,65,64,57,70,70,54,52,65,54,72,70
Alex Broadhurst,Philly,14,27,64,64,69,64,55,55,64,54,56,65,54,35,33
Alex Chiasson,Montreal,29,29,70,70,76,76,67,66,70,73,75,69,74,65,63
Alex DeBrincat,Vancouver,1,22,67,80,63,78,84,78,78,78,81,69,80,40,38
Alex Galchenyuk,Washington,28,26,67,73,74,76,71,70,74,75,75,68,73,62,60
Alex Goligoski,Montreal,67,34,71,73,68,81,77,75,73,77,77,75,70,90,85
Alex Iafallo,Ottawa,9,26,69,73,71,78,79,76,73,75,74,65,72,44,42
Alex Kerfoot,Chicago,36,25,67,74,69,76,76,68,73,76,75,70,72,44,42
Alex Killorn,Islanders,69,30,69,70,74,78,83,68,70,76,77,72,76,70,68
Alex Lyon,Calgary,5,0,79,79,80,74,74,74,75,80,78,0,0,27,27
Alex Nedeljkovic,Columbus,13,0,72,78,77,75,77,78,80,78,78,0,0,27,28
Alex Pietrangelo,Washington,11,30,72,77,80,86,74,76,77,83,84,86,81,79,75
Alex Stalock,Columbus,31,0,84,83,79,75,72,76,84,79,86,0,0,35,37
Alex Tuch,Tampa Bay,1,23,73,70,77,77,65,75,70,77,78,69,74,40,38
Alex Wennberg,Winnipeg,7,25,66,72,73,77,66,76,72,76,74,68,66,55,53
Alexander Edler,Columbus,34,33,83,72,78,82,65,68,71,81,80,77,74,84,85
Alexander Georgiev,New Jersey,5,0,85,84,81,78,75,71,85,80,84,0,0,25,26
Alexander Nylander,St. Louis,32,22,58,66,69,66,57,70,66,65,65,70,65,35,33
Alexander Ovechkin,Nashville,16,34,77,78,85,82,82,68,78,78,81,65,94,92,97
Alexander Petrovic,St. Louis,72,28,76,70,78,70,65,58,70,66,60,77,61,48,46
Alexander Radulov,Chicago,47,33,74,79,75,80,70,66,79,80,82,69,78,58,56
Alexander Semin,Chicago,30,36,60,71,70,67,60,65,73,66,67,65,59,68,66
Alexander Steen,Florida,56,36,69,71,73,77,66,69,72,74,74,72,71,87,88
Alexandre Carrier,Rangers,31,23,67,73,67,69,56,68,72,60,62,65,62,35,33
Alexei Emelin,Columbus,45,33,74,73,74,72,73,66,73,69,64,73,59,66,64
Alvaro Montoya,Washington,50,0,78,79,81,74,69,77,80,79,79,0,0,42,40
Anders Bjork,Pittsburgh,11,23,67,73,68,74,63,75,73,72,67,70,70,35,33
Anders Lee,Pittsburgh,21,29,73,76,79,78,83,67,73,75,75,69,79,64,72
Anders Lindback,Pittsburgh,48,0,79,77,78,75,73,72,78,72,79,0,0,34,33
Anders Nilsson,Tampa Bay,9,0,77,79,78,78,74,71,82,77,78,0,0,31,31
Andre Benoit,Islanders,62,36,61,72,68,67,60,73,73,54,53,70,56,53,51
Andre Burakovsky,Carolina,9,25,67,72,73,74,65,72,72,75,75,67,75,52,50
Andreas Athanasiou,Rangers,19,25,67,86,72,77,67,69,84,75,74,68,76,48,46
Andreas Borgman,Montreal,39,24,73,69,71,69,64,66,70,69,70,71,66,35,33
Andreas Englund,Buffalo,35,24,70,69,69,70,58,62,70,69,68,67,62,35,33
Andreas Johnson,New Jersey,25,25,69,76,72,76,64,69,74,75,77,70,74,37,35
Andrei Loktionov,Philly,78,26,59,68,63,67,60,75,71,66,63,66,62,45,43
Andrei Markov,San Jose,79,41,61,70,70,72,60,72,70,75,75,71,66,77,75
Andrei Svechnikov,Phoenix,3,19,73,74,73,77,82,65,73,79,80,69,76,35,33
Andrei Vasilevskiy,Washington,1,0,91,94,90,87,79,87,95,90,94,0,0,40,41
Andrej Nestrasil,Toronto,5,29,60,66,75,65,60,75,67,66,64,67,59,42,40
Andrej Sekera,Florida,46,33,67,76,74,77,64,77,75,73,70,75,64,81,78
Andrej Sustr,LosAngeles,11,29,63,67,77,66,61,69,72,60,59,74,61,53,51
Andrew Cogliano,Buffalo,40,32,69,74,66,74,79,70,74,72,68,70,67,91,86
Andrew Copp,Buffalo,37,25,70,68,73,76,71,77,73,73,70,70,71,51,49
Andrew Desjardins,Islanders,49,33,65,69,71,63,60,61,70,56,56,70,54,63,61
Andrew Engelage,Calgary,16,0,69,70,79,70,67,70,69,61,70,0,0,27,27
Andrew Hammond,Pittsburgh,30,0,80,78,80,76,79,79,81,77,78,0,0,34,34
Andrew Ladd,Montreal,24,34,75,70,76,76,62,68,70,70,68,70,72,84,80
Andrew MacDonald,Montreal,57,33,65,74,71,71,65,70,74,69,68,75,62,73,71
Andrew MacWilliam,Winnipeg,27,29,69,63,69,68,60,62,69,67,67,66,56,37,35
Andrew Mangiapane,Phoenix,15,23,69,72,70,74,64,70,72,71,72,68,73,36,34
Andrew Poturalski,Calgary,2,26,60,67,69,67,60,70,66,54,53,66,54,35,33
Andrew Shaw,Boston,70,28,80,73,73,77,64,61,68,77,77,71,74,64,62
Andy Greene,Boston,17,37,71,73,69,79,78,76,73,74,74,78,68,93,88
Andy Welinski,Pittsburgh,8,26,65,69,71,68,59,70,71,67,63,67,63,35,33
Anthony Angello,Colorado,13,24,69,69,71,66,57,60,64,60,59,71,69,35,33
Anthony Beauvillier,Pittsburgh,26,22,70,72,66,77,75,77,72,73,70,69,74,44,42
Anthony Bitetto,Vancouver,84,29,77,68,72,74,64,64,72,73,69,70,63,47,45
Anthony Cirelli,Colorado,10,22,73,73,73,78,65,69,73,76,74,76,74,37,35
Anthony DeAngelo,Philly,6,24,65,76,72,81,69,67,76,82,81,73,74,40,37
Anthony Duclair,Boston,16,24,67,70,72,75,66,70,73,73,73,69,76,50,48
Anthony Mantha,Edmonton,14,25,71,72,79,79,65,67,73,78,80,69,79,46,44
Anthony Peluso,Florida,74,30,67,66,76,59,56,45,66,57,56,59,57,45,43
Anthony Richard,Edmonton,3,23,62,67,66,65,55,70,69,60,60,65,60,35,33
Anthony Stolarz,Ottawa,15,0,79,80,79,79,79,79,83,81,82,0,0,32,29
Antoine Bibeau,Tampa Bay,14,0,76,79,81,77,79,78,79,79,80,0,0,30,29
Antoine Roussel,Ottawa,69,30,77,70,77,74,65,48,70,73,70,71,70,65,63
Anton Blidh,Nashville,5,25,69,65,68,69,56,69,70,60,59,68,60,35,33
Anton Forsberg,Philly,4,0,80,81,80,78,75,78,81,81,80,0,0,29,27
Anton Khudobin,New Jersey,69,0,91,89,88,81,78,82,87,79,87,0,0,42,42
Anton Lander,Phoenix,62,28,63,69,70,64,60,70,69,64,60,69,58,47,45
Anton Rodin,Boston,6,29,59,71,62,63,60,70,72,68,64,58,54,35,33
Anton Slepyshev,LosAngeles,10,25,65,69,69,68,64,75,70,65,65,70,65,37,35
Anton Stralman,Carolina,66,33,72,76,71,80,66,74,75,75,74,79,70,84,80
Antti Raanta,Minnesota,44,0,80,85,84,81,79,79,80,80,80,0,0,38,38
Antti Suomela,New Jersey,16,26,67,71,70,72,61,70,71,74,71,64,66,35,33
Anze Kopitar,Carolina,32,32,71,76,79,84,84,76,76,83,82,78,77,91,96
Artem Anisimov,Montreal,53,31,65,73,73,77,66,73,73,72,71,70,74,80,77
Artemi Panarin,Carolina,39,28,66,83,67,82,81,74,83,91,91,70,81,57,55
Artturi Lehkonen,Washington,9,24,72,71,73,77,74,72,73,73,71,76,72,47,45
Austin Czarnik,LosAngeles,27,27,65,70,69,73,61,75,71,72,74,69,70,39,37
Austin Wagner,Toronto,18,22,75,71,69,72,66,66,72,68,68,69,70,35,33
Austin Watson,Dallas,53,28,83,68,74,74,65,55,68,70,68,70,71,51,49
Auston Matthews,Toronto,7,22,73,80,81,81,67,79,79,82,85,70,91,44,47
Barclay Goodrow,Philly,89,27,82,70,74,74,67,60,69,72,71,68,69,48,46
Ben Bishop,Dallas,30,0,93,93,96,85,80,80,90,87,92,0,0,44,44
Ben Chiarot,Ottawa,63,28,77,71,81,79,68,67,71,74,72,78,72,56,54
Ben Harpur,San Jose,7,25,72,65,72,71,64,65,67,66,61,67,61,36,34
Ben Hutton,Montreal,45,26,69,72,74,79,66,72,71,74,75,73,69,52,50
Ben Thomson,Winnipeg,9,27,69,68,74,65,60,51,62,54,56,66,54,35,33
Benoit Pouliot,San Jose,67,33,65,70,74,71,70,66,70,63,64,69,68,74,72
Bill Arnold,LosAngeles,13,27,59,65,64,68,60,70,65,54,53,65,54,35,33
Blake Coleman,Ottawa,65,28,84,70,74,78,77,64,70,72,69,77,76,48,46
Blake Comeau,Toronto,65,34,77,71,74,77,69,66,71,72,69,65,70,85,86
Blake Pietila,Philly,12,27,67,69,71,67,58,69,68,60,59,69,57,35,33
Blake Speers,Minnesota,17,23,59,66,69,63,60,70,67,54,53,70,54,35,33
Blake Wheeler,Boston,41,33,74,73,82,82,85,67,73,90,86,72,75,93,98
Bo Horvat,Chicago,33,24,70,72,76,82,72,74,70,79,79,74,78,55,63
Bobby Butler,Calgary,35,32,68,70,69,68,60,73,70,69,68,66,54,47,45
Bobby Ryan,Tampa Bay,37,33,73,73,74,77,65,68,72,75,74,68,73,84,80
Bogdan Kiselevich,Washington,36,30,64,69,70,68,62,69,70,67,68,70,59,38,36
Boone Jenner,Winnipeg,38,26,80,70,77,78,76,67,70,74,69,73,72,60,63
Brad Boyes,Nashville,33,37,59,67,70,66,60,72,70,67,68,65,64,77,75
Brad Hunt,Tampa Bay,63,31,65,70,73,75,65,76,70,74,76,72,74,49,47
Brad Marchand,Edmonton,67,31,73,80,69,81,73,63,80,92,92,76,83,80,77
Brad Richardson,Carolina,28,35,71,72,64,76,67,67,72,69,67,76,71,80,77
Braden Holtby,Columbus,1,0,84,85,86,89,82,83,86,83,86,0,0,48,46
Brady Skjei,Anaheim,0,25,77,72,76,80,79,69,78,74,75,75,73,49,47
Brady Tkachuk,Chicago,16,20,81,70,75,79,75,56,70,76,76,74,76,35,33
Brandon Carlo,Columbus,7,23,75,72,84,79,72,68,72,73,71,80,67,45,43
Brandon Dubinsky,Florida,32,33,73,71,74,70,65,62,71,67,64,72,65,81,78
Brandon Montour,Nashville,28,25,72,74,75,80,72,69,76,75,75,76,73,45,43
Brandon Pirri,Philly,38,28,70,72,68,74,59,70,72,71,73,70,70,50,48
Brandon Saad,Minnesota,2,27,67,74,76,78,74,77,76,74,73,74,76,66,64
Brandon Sutter,Tampa Bay,15,31,68,70,74,77,64,76,71,72,71,76,72,78,80
Brandon Tanev,Toronto,34,28,85,69,73,76,69,69,69,72,69,69,71,49,47
Brayden McNabb,LosAngeles,80,29,82,70,78,79,81,66,71,74,71,77,68,61,59
Brayden Point,Florida,4,24,66,86,68,80,79,75,86,83,85,76,83,46,44
Brayden Schenn,New Jersey,12,28,75,76,72,80,79,68,76,81,82,69,77,72,70
Braydon Coburn,Chicago,60,35,70,72,82,75,65,67,72,73,70,76,67,88,83
Brendan Gallagher,Boston,12,27,73,76,69,77,76,67,74,75,78,73,80,64,67
Brendan Gaunce,San Jose,3,25,72,68,71,72,58,67,74,74,74,67,67,38,36
Brendan Guhle,Tampa Bay,12,22,67,71,70,76,60,70,70,74,71,68,70,35,33
Brendan Leipsic,Pittsburgh,14,25,68,69,73,73,65,70,72,72,70,67,67,42,40
Brendan Lemieux,Colorado,28,24,81,70,74,75,64,50,70,70,69,73,71,37,35
Brendan Perlini,LosAngeles,7,23,67,70,75,73,65,69,70,69,69,68,70,42,40
Brendan Smith,Dallas,23,31,77,70,74,74,65,62,70,73,67,74,69,64,62
Brenden Dillon,St. Louis,28,29,80,68,78,77,83,64,68,73,72,79,64,69,67
Brent Burns,Anaheim,8,35,75,76,85,85,84,69,78,88,87,77,79,89,89
Brent Seabrook,Dallas,15,34,74,70,81,78,65,71,70,72,74,79,72,91,91
Brett Bulmer,Philly,56,27,67,64,72,60,60,57,64,54,53,67,54,35,33
Brett Connolly,LosAngeles,34,27,67,69,70,75,75,67,70,74,74,69,75,61,59
Brett Howden,Detroit,13,21,71,70,75,75,70,70,70,72,70,66,69,35,33
Brett Kulak,Vancouver,25,26,70,70,73,76,65,69,71,74,74,71,67,43,41
Brett Lernout,Carolina,6,24,69,69,75,69,59,70,60,63,55,67,57,35,33
Brett Pesce,Anaheim,13,25,71,72,77,80,66,75,77,74,75,83,71,51,49
Brett Seney,St. Louis,3,24,69,68,65,72,61,63,68,68,66,70,66,35,33
Brian Boyle,Columbus,35,35,76,68,85,75,65,63,68,70,68,72,73,86,82
Brian Dumoulin,Carolina,36,28,74,74,74,80,65,75,74,74,76,77,68,54,52
Brian Elliott,Montreal,37,0,79,83,84,79,72,78,81,75,79,0,0,53,49
Brian Gibbons,Ottawa,21,32,68,73,59,73,64,70,73,69,67,69,68,50,48
Brock Boeser,Washington,18,23,67,72,72,80,65,75,72,80,81,69,81,39,37
Brock McGinn,Islanders,1,26,72,70,73,76,81,73,71,72,70,69,70,49,47
Brock Nelson,San Jose,31,28,70,71,76,79,83,70,71,77,73,70,78,66,64
Bryan Little,Chicago,10,32,67,71,69,77,65,72,71,76,73,73,73,83,79
Bryan Rust,Boston,26,27,74,72,72,79,66,70,71,77,77,72,78,51,49
C.J. Franklin,St. Louis,6,0,69,66,69,65,72,65,68,66,70,66,70,28,27
C.J. Smith,Montreal,4,25,59,63,70,65,58,70,65,57,57,61,65,35,33
Cal Clutterbuck,Vancouver,36,32,82,70,76,75,65,64,70,71,68,71,68,85,86
Cal O'Reilly,Phoenix,52,33,64,69,65,62,55,75,69,54,53,64,54,49,47
Cal Petersen,Colorado,27,0,72,78,77,75,77,78,80,78,78,0,0,27,28
Caleb Jones,Tampa Bay,10,22,69,70,75,75,62,70,70,74,68,73,71,35,33
Calle Jarnkrok,Tampa Bay,72,28,66,76,68,77,70,75,74,74,74,74,72,61,59
Calvin De Haan,Pittsburgh,34,28,81,76,71,78,64,72,76,74,76,79,64,57,55
Calvin Pickard,Vancouver,34,0,80,80,81,76,76,82,80,79,82,0,0,31,31
Cam Atkinson,Carolina,25,30,67,82,66,80,65,75,81,76,78,68,82,69,72
Cam Fowler,Anaheim,4,28,67,79,74,82,65,76,79,76,78,75,74,71,69
Cam Talbot,Islanders,80,0,82,80,82,80,79,79,83,81,82,0,0,38,38
Cameron Gaunce,Edmonton,26,30,69,67,74,69,56,55,65,69,69,67,69,38,36
Carey Price,San Jose,44,0,90,92,92,86,78,84,90,81,92,0,0,50,50
Carl Dahlstrom,Buffalo,41,25,66,70,68,76,60,70,71,72,67,68,62,35,33
Carl Gunnarsson,Tampa Bay,44,33,66,74,70,75,64,74,72,73,69,74,71,75,73
Carl Hagelin,Columbus,65,31,69,84,66,76,66,69,81,74,71,70,70,72,70
Carl Soderberg,Florida,23,34,72,73,73,78,81,70,72,72,72,73,75,73,71
Carson Soucy,Edmonton,6,25,70,71,78,75,62,70,71,70,71,70,74,35,33
Carter Hutton,Boston,31,0,79,83,81,82,78,80,86,76,86,0,0,37,31
Carter Verhaeghe,New Jersey,41,24,65,70,69,71,65,70,70,66,68,58,72,35,33
Casey Cizikas,Boston,71,29,80,73,72,75,65,68,71,70,68,74,73,65,63
Casey Mittelstadt,Anaheim,39,21,65,70,73,75,63,75,70,72,70,67,70,35,33
Casey Nelson,Calgary,7,27,64,70,72,70,63,70,70,69,67,69,63,39,37
Cedric Paquette,Dallas,32,26,83,70,73,73,66,60,70,68,66,70,70,54,52
Chandler Stephenson,Ottawa,10,25,67,67,75,75,66,78,66,71,71,67,69,43,41
Charles Hudon,Nashville,6,25,74,66,72,74,63,68,71,69,70,68,68,38,36
Charlie Coyle,Vancouver,2,28,72,70,78,78,73,70,71,75,74,70,72,66,64
Charlie Lindgren,Nashville,7,0,75,81,76,78,79,80,82,77,83,0,0,30,27
Charlie McAvoy,Winnipeg,37,22,78,77,70,81,65,68,76,80,79,74,73,37,35
Chase De Leo,Florida,12,24,65,68,65,69,55,70,65,60,60,60,60,35,33
Chris Bigras,Detroit,3,25,60,68,69,68,59,69,70,64,57,66,57,35,33
Chris Bourque,Tampa Bay,58,34,63,71,65,67,60,68,72,65,62,69,59,43,41
Chris Driedger,Ottawa,12,0,75,79,78,74,75,79,78,76,79,0,0,31,27
Chris Kreider,Tampa Bay,71,28,77,80,77,78,67,64,80,76,78,71,79,64,67
Chris Stewart,Anaheim,38,32,74,68,78,70,63,59,70,67,66,67,65,76,74
Chris Tanev,Vancouver,20,30,70,76,73,78,65,76,76,75,74,82,66,65,63
Chris Terry,Florida,18,30,59,71,68,64,60,72,70,64,64,63,64,46,44
Chris Tierney,San Jose,6,25,67,70,71,78,85,76,74,78,75,70,71,56,54
Chris Wagner,Calgary,80,28,80,70,76,75,76,65,70,67,65,68,70,53,51
Chris Wideman,Toronto,59,30,65,71,71,67,60,66,73,67,68,73,67,46,44
Christian Djoos,Colorado,4,25,64,69,71,75,63,75,74,74,74,73,68,38,36
Christian Dvorak,Carolina,45,24,68,72,69,78,65,75,71,75,74,70,74,43,41
Christian Engstrand,Calgary,10,0,67,73,66,70,65,66,69,64,71,0,0,27,29
Christian Fischer,Islanders,4,22,72,64,75,74,68,71,64,68,67,65,70,40,38
Christian Folin,Montreal,25,29,78,68,76,75,64,68,71,72,67,74,66,48,46
Christian Jaros,Tampa Bay,15,23,72,70,75,73,61,68,71,74,73,73,63,35,33
Christian Thomas,Dallas,60,27,59,70,65,63,60,67,66,68,69,68,54,35,33
Christian Wolanin,Tampa Bay,42,25,65,71,72,74,58,70,72,68,70,72,69,35,33
Christoffer Ehn,Boston,2,23,69,64,72,72,65,75,65,66,65,66,64,36,34
Christoper Gibson,Washington,33,0,77,80,80,75,78,79,79,78,80,0,0,31,33
Clark Bishop,Vancouver,27,23,70,66,69,70,58,66,66,70,70,63,62,35,33
Claude Giroux,Florida,31,32,66,77,71,82,84,70,76,87,87,70,77,88,93
Clayton Keller,Anaheim,35,21,65,77,64,79,84,72,74,79,78,66,74,40,38
Clayton Stoner,Minnesota,13,35,69,68,76,69,60,59,69,67,67,73,65,62,60
Cody Ceci,Chicago,5,26,74,71,77,81,70,77,73,74,74,74,69,59,57
Cody Eakin,St. Louis,21,28,70,74,71,76,68,69,72,73,70,69,72,67,65
Cody Franson,Montreal,35,32,62,70,75,70,60,71,70,69,70,74,62,70,68
Cody Goloubef,St. Louis,69,30,70,69,74,70,59,68,70,64,59,73,66,45,43
Cody McLeod,Montreal,65,35,76,67,75,63,64,45,69,59,58,69,60,83,79
Cody Rosen,Phoenix,42,0,70,71,69,69,68,70,69,70,71,0,0,25,27
Colin Miller,Colorado,63,27,74,73,73,77,66,67,73,77,78,75,68,51,49
Colin Smith,LosAngeles,14,26,59,66,69,60,60,70,66,54,53,66,54,35,33
Colin White,Rangers,6,23,68,64,71,77,65,68,66,76,73,65,71,37,35
Colin Wilson,St. Louis,26,30,67,71,76,75,64,75,71,74,72,67,68,72,70
Colton Parayko,Edmonton,30,26,74,74,82,81,78,76,74,75,78,82,74,54,52
Colton Sceviour,San Jose,4,30,74,71,71,75,68,73,71,72,68,70,69,63,61
Colton Sissons,Colorado,40,26,73,70,75,77,70,69,71,72,69,74,71,51,49
Connor Brickley,LosAngeles,86,28,69,69,72,65,61,65,68,67,65,67,63,38,36
Connor Brown,Tampa Bay,23,26,67,72,68,78,85,76,72,75,71,76,71,50,48
Connor Carrick,Islanders,24,25,70,72,71,75,63,66,71,74,74,72,69,44,42
Connor Clifton,LosAngeles,1,24,74,74,67,74,61,68,72,63,61,65,67,35,33
Connor Hellebuyck,Nashville,30,0,89,91,88,86,80,78,91,86,91,0,0,32,32
Connor Ingram,Edmonton,7,0,78,67,70,77,73,70,75,71,74,0,0,29,28
Connor McDavid,Edmonton,97,23,71,90,70,85,77,75,91,95,93,70,88,47,55
Connor Murphy,Montreal,41,26,77,72,74,78,65,69,70,74,73,70,71,57,55
Conor Garland,Colorado,1,24,66,74,64,75,65,71,74,73,74,69,76,36,34
Conor Sheary,Pittsburgh,20,27,66,74,68,75,74,75,72,73,73,70,72,52,50
Cooper Marody,Rangers,9,23,60,69,70,62,56,70,66,57,57,68,57,35,33
Corey Crawford,Carolina,52,0,80,86,85,78,76,81,86,77,87,0,0,49,47
Corey Perry,Montreal,63,34,72,70,77,76,65,62,70,75,74,73,70,89,84
Corey Tropp,Tampa Bay,16,30,63,68,66,63,60,55,68,54,56,70,54,45,43
Cory Schneider,Winnipeg,33,0,79,83,82,79,74,83,83,75,79,0,0,45,44
Craig Anderson,Chicago,35,0,82,80,80,83,69,80,80,76,79,0,0,62,62
Craig Smith,Pittsburgh,25,30,70,72,73,76,77,69,72,73,75,70,75,74,72
Curtis Lazar,Pittsburgh,22,25,72,72,74,71,63,71,70,69,69,75,66,46,44
Curtis McKenzie,St. Louis,50,29,69,66,70,63,57,51,69,68,67,69,54,40,38
Curtis Valk,Nashville,2,27,59,68,62,57,55,70,67,54,54,66,54,35,33
Dalton Prout,Boston,72,30,70,68,79,70,57,60,68,64,60,74,65,51,49
Damon Severson,Nashville,36,25,73,72,73,81,79,69,77,76,76,73,74,55,53
Dan Hamhuis,Edmonton,22,37,69,70,72,76,66,69,70,74,71,77,63,90,85
Dan Paille,Nashville,10,35,65,70,71,66,60,72,70,54,53,70,54,69,67
Daniel Altshuller,Vancouver,4,0,70,74,70,74,76,79,81,74,75,0,0,30,28
Daniel Brickley,Carolina,42,24,62,72,72,65,56,70,71,66,66,68,59,35,33
Daniel Carr,Columbus,18,28,70,70,74,72,59,71,70,64,64,68,70,41,39
Daniel Sprong,Minnesota,30,23,65,70,69,74,61,75,70,70,71,69,72,35,33
Daniel Winnik,Montreal,44,35,62,70,75,71,83,68,70,69,66,72,63,82,79
Danny Dekeyser,Philly,7,30,73,75,74,78,64,70,70,72,71,74,70,60,58
Danton Heinen,Minnesota,6,24,67,71,73,76,76,76,71,75,76,74,71,43,41
Darcy Kuemper,Colorado,51,0,92,90,86,79,74,82,87,84,88,0,0,31,31
Darnell Nurse,Buffalo,6,25,80,75,78,82,85,67,75,77,78,77,72,50,53
Darren Archibald,Phoenix,53,30,66,66,74,64,60,66,65,63,62,65,63,39,37
Darren Dietz,Chicago,11,26,69,66,69,67,60,61,65,68,68,69,65,35,33
Darren Helm,St. Louis,73,33,72,80,69,76,68,70,80,71,68,74,70,78,75
David Backes,Edmonton,48,35,77,66,80,74,65,61,65,73,75,73,69,89,84
David Booth,Ottawa,50,35,60,72,70,63,61,69,73,58,57,67,65,64,62
David Desharnais,Montreal,60,33,61,76,58,71,67,72,76,71,71,67,64,70,68
David Kampf,San Jose,23,25,67,70,72,75,65,75,70,71,68,67,68,40,38
David Krejci,New Jersey,49,33,67,76,70,78,68,72,77,82,83,74,74,88,88
David Musil,LosAngeles,88,26,66,66,70,69,60,69,67,69,69,66,56,35,33
David Pastrnak,Rangers,8,23,70,76,70,80,74,69,76,84,88,71,90,51,49
David Perron,Florida,62,31,72,74,71,79,67,66,74,81,83,69,79,82,79
David Rittich,Colorado,39,0,83,90,84,81,78,80,86,86,87,0,0,27,27
David Rundblad,Pittsburgh,7,29,60,70,72,67,60,72,68,67,69,68,56,42,40
David Savard,Columbus,30,29,75,75,74,78,82,69,75,74,72,76,68,67,65
David Schlemko,Islanders,14,32,68,68,69,71,61,73,68,67,66,72,60,62,60
Dean Kukan,Colorado,3,26,66,70,70,75,61,71,70,74,73,71,64,37,35
Denis Malgin,Nashville,4,23,68,67,69,74,65,73,67,72,73,63,70,39,37
Dennis Cholowski,Philly,5,22,64,71,72,75,64,75,72,70,72,70,68,35,33
Dennis Everberg,Philly,46,28,61,68,72,63,60,70,68,54,53,67,54,37,35
Dennis Gilbert,Columbus,2,23,70,68,75,70,58,52,69,69,64,68,66,35,33
Dennis Rasmussen,Detroit,40,29,64,66,71,64,61,73,66,64,63,70,59,44,42
Derek Forbort,Columbus,8,28,74,70,77,79,65,68,69,73,69,76,64,49,47
Derek Grant,Columbus,57,26,71,70,74,74,65,69,70,72,71,69,71,51,49
Derek Ryan,New Jersey,1,33,66,69,65,76,81,72,70,75,76,69,72,57,55
Derek Stepan,Pittsburgh,39,29,70,73,71,80,77,75,74,76,72,70,72,77,80
Derick Brassard,Columbus,28,32,72,73,72,76,69,69,73,74,74,69,73,86,82
Derrick Pouliot,Pittsburgh,15,26,72,71,69,75,64,70,72,71,73,70,67,42,40
Deryk Engelland,Washington,10,37,77,67,77,78,67,64,67,71,70,76,66,83,84
Devan Dubnyk,Edmonton,38,0,82,88,87,82,78,77,85,81,87,0,0,43,43
Devante Smith-Pelly,Islanders,77,27,69,70,78,68,65,69,70,65,64,69,64,55,53
Devin Shore,Rangers,4,25,71,68,71,75,67,76,71,73,70,67,70,47,45
Devon Toews,Washington,15,26,68,77,73,78,65,75,77,76,78,73,73,38,36
Dillon Heatherington,Dallas,20,24,62,70,68,64,56,45,70,66,66,66,59,35,33
Dion Phaneuf,Nashville,47,34,71,70,77,72,69,64,70,68,64,74,63,86,82
Dmitrij Jaskin,Montreal,26,26,71,69,74,68,65,70,69,67,66,74,63,49,47
Dmitry Kulikov,Chicago,20,29,74,76,73,77,65,68,76,74,69,76,65,74,72
Dmitry Orlov,Pittsburgh,81,28,76,72,74,81,84,71,73,76,76,78,69,64,62
Dmytro Timashov,Minnesota,19,23,72,70,65,70,65,66,70,69,68,67,67,35,33
Dominic Toninato,New Jersey,7,26,70,70,71,71,62,62,70,68,66,68,68,36,34
Dominic Turgeon,Vancouver,18,24,63,66,73,66,56,70,66,57,56,65,57,35,33
Dominik Kahun,Carolina,21,24,64,73,69,76,70,75,73,75,72,65,72,38,36
Dominik Kubalik,New Jersey,13,24,69,71,73,76,79,71,71,73,75,69,79,35,33
Dominik Simon,Colorado,11,25,70,72,69,75,65,72,70,74,74,69,69,41,39
Dougie Hamilton,San Jose,2,26,74,72,77,80,69,68,74,78,81,74,83,63,61
Drake Caggiula,Washington,34,25,77,74,66,75,65,67,74,71,67,66,73,44,42
Drew Doughty,New Jersey,9,30,74,81,73,87,82,69,81,82,81,81,73,87,88
Drew Shore,Boston,25,29,63,68,70,66,60,70,68,64,62,67,54,40,38
Drew Stafford,Vancouver,41,34,64,70,74,70,65,69,70,67,67,69,65,82,79
Duncan Keith,Edmonton,12,36,70,77,74,83,77,72,78,79,76,83,69,94,94
Duncan Siemens,Chicago,8,26,69,70,68,67,59,55,69,64,55,69,65,35,33
Dustin Brown,Carolina,29,35,75,72,74,81,74,69,73,77,77,71,76,94,89
Dustin Byfuglien,Rangers,38,34,75,66,88,76,65,63,69,80,79,78,69,84,80
Dwight King,Washington,27,30,63,66,76,68,60,72,68,61,61,68,62,57,55
Dylan Demelo,New Jersey,4,26,73,71,74,78,66,69,72,74,72,72,65,48,46
Dylan Larkin,Carolina,15,23,74,86,73,83,81,68,82,82,82,71,77,51,54
Dylan McIlrath,Buffalo,42,27,70,68,76,70,58,49,68,60,59,69,62,37,35
Dylan Olsen,LosAngeles,31,29,59,70,73,67,60,72,69,67,64,71,56,42,40
Dylan Sikura,Winnipeg,32,24,64,70,69,73,59,70,68,74,72,69,64,35,33
Dylan Strome,Nashville,11,23,66,70,72,77,65,73,65,80,77,69,74,37,35
Eddie Lack,Winnipeg,17,0,76,76,81,78,72,79,78,72,76,0,0,37,33
Elias Lindholm,New Jersey,19,25,71,72,72,81,83,76,73,80,82,73,78,59,57
Elias Pettersson,St. Louis,35,21,70,81,69,80,72,75,84,81,81,67,81,35,33
Elvis Merzlikins,Carolina,43,0,72,78,77,75,77,78,80,78,78,0,0,27,28
Emerson Etem,Winnipeg,65,27,62,71,72,63,60,75,70,54,53,71,54,43,41
Eric Comrie,Ottawa,19,0,76,76,78,74,73,73,77,69,77,0,0,27,27
Eric Fehr,Anaheim,57,34,66,66,75,68,64,69,67,65,62,73,65,75,73
Eric Staal,Anaheim,25,35,68,73,78,79,81,68,73,79,79,68,78,94,89
Erik Cernak,Winnipeg,2,22,81,66,77,78,66,65,67,73,72,75,71,35,33
Erik Condra,Tampa Bay,41,33,59,71,68,66,56,67,71,57,59,73,65,61,59
Erik Gudbranson,Colorado,84,28,79,72,78,77,65,62,72,72,66,76,68,63,61
Erik Gustafsson,Colorado,30,28,59,75,71,69,60,75,75,67,68,75,64,42,40
Erik Haula,San Jose,57,28,70,76,70,78,64,68,74,75,77,73,75,58,56
Erik Johnson,Anaheim,7,32,77,75,78,81,67,69,75,74,73,75,71,78,80
Erik Karlsson,Washington,68,29,73,84,71,83,65,72,85,89,86,77,72,77,80
Esa Lindell,Buffalo,7,25,74,73,75,82,82,76,76,74,76,77,71,49,52
Ethan Bear,Minnesota,27,22,72,73,70,78,64,70,73,74,76,72,71,35,33
Evan Cormier,St. Louis,23,0,63,76,72,69,63,66,72,70,75,0,0,25,25
Evan Rodrigues,Detroit,2,26,66,70,69,75,65,71,70,72,71,67,71,44,42
Evander Kane,Pittsburgh,27,28,84,73,77,80,73,60,73,76,79,69,81,75,73
Evgeni Malkin,Anaheim,36,33,77,74,78,80,67,64,74,91,90,68,82,82,84
Evgeny Dadonov,Chicago,74,31,67,75,70,79,78,78,75,79,81,71,79,50,48
Evgeny Kuznetsov,Minnesota,91,27,69,78,70,80,73,68,78,84,81,71,76,60,58
Fabian Brunnstrom,Phoenix,61,35,63,78,67,63,60,72,78,66,63,60,54,48,46
Felix Sandstrom,Colorado,35,0,70,74,72,70,67,69,75,68,75,0,0,26,26
Filip Chlapik,Tampa Bay,24,22,72,67,70,71,60,68,70,66,66,63,68,35,33
Filip Chytil,Colorado,12,20,65,72,70,75,65,75,72,72,72,63,72,35,33
Filip Forsberg,Minnesota,9,25,76,79,71,79,66,70,77,79,82,72,80,57,60
Filip Hronek,Colorado,14,22,73,74,70,81,65,69,74,77,78,64,74,35,33
Frank Vatrano,St. Louis,27,26,75,68,71,76,65,68,73,72,70,68,74,47,45
Frans Nielsen,Tampa Bay,53,35,69,72,66,77,70,77,72,72,71,75,69,91,91
Freddie Hamilton,Ottawa,76,28,66,70,69,64,59,70,69,60,58,67,55,38,36
Frederik Gauthier,Columbus,22,24,69,66,77,70,64,69,65,69,67,69,67,40,38
Fredrik Claesson,Toronto,23,27,74,72,72,76,63,71,72,73,69,75,71,41,39
Gabriel Bourque,Buffalo,11,29,76,73,70,71,65,74,73,68,67,68,64,59,57
Gabriel Landeskog,Nashville,90,27,77,73,74,82,68,67,73,81,83,70,81,68,76
Garnet Hathaway,Nashville,12,28,82,68,70,72,67,52,72,69,68,67,70,47,45
Garret Sparks,Calgary,19,0,78,83,79,78,75,76,82,81,81,0,0,29,29
Gavin Bayreuther,Nashville,22,25,63,70,66,69,59,69,70,67,64,65,66,35,33
Gemel Smith,Islanders,8,25,69,71,72,71,60,65,71,64,65,70,73,36,34
Greg McKegg,Washington,26,27,68,70,69,71,64,68,67,68,66,66,68,44,42
Greg Pateryn,Philly,31,29,74,68,76,76,65,67,68,72,66,75,63,51,49
Griffin Reinhart,Philly,23,26,69,68,70,69,60,66,67,59,53,69,56,35,33
Gustav Forsling,Carolina,11,23,65,67,70,71,64,71,66,69,66,70,67,36,34
Gustav Nyquist,Columbus,4,30,67,77,68,79,84,74,77,78,78,70,74,69,67
Gustav Olofsson,Detroit,4,25,67,67,69,71,60,70,69,66,66,69,62,35,33
Hampus Lindholm,Minnesota,48,26,71,76,76,82,66,70,76,76,79,78,71,59,57
Hayden Hawkey,Rangers,3,0,72,72,70,71,69,69,73,71,70,0,0,25,28
Haydn Fleury,Buffalo,28,23,70,73,74,74,64,75,73,73,72,73,67,36,34
Henrik Borgstrom,Toronto,19,22,65,68,72,74,60,70,62,68,69,71,68,35,33
Henrik Haapala,Nashville,24,26,62,69,51,68,56,70,67,66,63,62,54,35,33
Henrik Lundqvist,Rangers,40,0,80,82,80,78,77,80,85,82,83,0,0,74,76
Henrik Samuelsson,Nashville,15,26,65,65,68,68,60,65,69,54,53,64,54,35,33
Henrik Zetterberg,Florida,48,39,64,70,67,77,85,72,70,77,77,70,67,88,83
Hudson Fasching,New Jersey,38,24,62,67,74,64,56,68,67,54,53,65,54,35,33
Hunter Shinkaruk,Buffalo,34,25,59,71,67,65,60,70,70,64,62,65,54,35,33
Ian Cole,Detroit,24,31,78,72,76,77,68,64,73,75,75,76,69,68,66
Ian McCoshen,Minnesota,23,24,68,68,72,67,61,67,71,63,57,65,66,35,33
Igor Ozhiganov,Carolina,22,27,64,70,73,68,65,70,68,66,62,70,66,37,35
Igor Shesterkin,New Jersey,10,0,76,76,78,74,73,73,77,69,77,0,0,27,27
Iiro Pakarinen,LosAngeles,64,28,67,70,70,66,63,75,68,58,54,67,60,42,40
Ilya Kovalchuk,New Jersey,29,36,67,74,73,77,65,71,74,75,75,66,74,70,68
Ilya Samsonov,Anaheim,3,0,79,85,82,74,69,70,83,78,81,0,0,27,26
Ilya Sorokin,Carolina,31,0,75,79,78,74,75,79,78,76,79,0,0,31,27
Ivan Barbashev,Toronto,21,24,72,69,71,74,67,74,69,72,68,71,71,42,40
Ivan Provorov,Anaheim,14,23,72,77,74,84,84,75,78,75,76,79,77,46,44
Jaccob Slavin,San Jose,11,25,74,75,76,82,83,80,76,77,79,84,73,53,56
Jack Campbell,LosAngeles,8,0,85,86,81,78,74,78,84,80,82,0,0,27,27
Jack Eichel,Carolina,27,23,70,76,76,83,71,72,74,84,86,69,83,49,57
Jack Johnson,Winnipeg,5,33,77,76,73,78,79,70,76,74,70,73,66,87,83
Jack Roslovic,Minnesota,24,23,66,69,70,74,65,76,68,73,72,69,71,38,36
Jacob De La Rose,Winnipeg,19,24,73,69,72,73,65,69,73,70,68,68,65,43,41
Jacob Larsson,Winnipeg,15,22,66,71,73,76,65,74,72,74,70,68,64,35,33
Jacob Markstrom,Dallas,25,0,89,88,90,86,79,81,88,85,92,0,0,36,32
Jacob Trouba,New Jersey,15,26,79,75,77,81,69,68,76,80,79,80,73,58,56
Jaden Schwartz,Carolina,16,27,70,74,70,79,68,75,74,80,82,73,75,63,61
Jake Bischoff,Pittsburgh,45,25,69,71,70,69,56,63,68,60,59,70,62,35,33
Jake Chelios,Toronto,45,29,64,68,69,67,56,70,63,57,56,69,59,35,33
Jake DeBrusk,San Jose,16,23,67,72,72,77,68,74,72,74,76,69,78,41,39
Jake Evans,St. Louis,10,23,69,67,69,69,59,70,70,66,65,69,69,35,33
Jake Gardiner,New Jersey,54,29,69,76,70,78,71,73,77,79,80,73,69,71,69
Jake Guentzel,Anaheim,18,25,72,74,71,81,66,71,74,80,83,69,83,45,43
Jake Kupsky,St. Louis,16,0,65,71,76,73,67,65,71,66,66,0,0,25,25
Jake McCabe,Minnesota,5,26,75,70,73,78,65,69,70,74,71,74,69,52,55
Jake Muzzin,Carolina,12,31,78,70,78,80,68,69,71,78,77,78,74,70,68
Jake Virtanen,Buffalo,24,23,77,80,75,75,72,65,79,72,71,68,73,45,43
Jake Walman,Toronto,3,24,61,71,61,69,55,70,72,60,62,66,62,35,33
Jakob Chychrun,Buffalo,2,21,73,70,74,80,65,69,70,74,76,76,77,40,38
Jakob Silfverberg,Colorado,15,29,68,74,71,79,73,73,74,74,74,73,77,67,70
Jakub Voracek,Toronto,93,30,65,76,77,79,81,69,76,85,85,70,73,88,88
Jakub Vrana,Nashville,0,24,66,79,71,78,77,73,79,76,77,70,76,43,41
Jakub Zboril,St. Louis,21,23,62,69,69,64,55,70,70,57,58,64,58,35,33
James Neal,Florida,33,32,69,69,76,77,65,67,69,73,75,70,75,85,81
James Reimer,Montreal,29,0,81,85,84,78,69,81,80,82,76,0,0,42,42
James van Riemsdyk,Boston,9,30,65,70,76,77,71,69,70,75,77,68,79,79,76
James Wisniewski,Islanders,45,36,59,72,71,55,60,68,72,54,53,72,56,66,64
Jamie Benn,San Jose,1,30,80,77,80,79,81,66,76,77,79,71,78,83,89
Jamie McGinn,Vancouver,65,31,67,71,73,68,64,68,71,67,64,72,68,72,70
Jamie Oleksiak,Boston,21,27,78,67,84,75,66,64,71,74,71,76,69,50,48
Jan Rutta,Ottawa,14,29,66,70,74,76,64,69,70,74,73,70,69,43,41
Jared McCann,St. Louis,2,23,70,70,73,76,71,69,73,74,72,68,73,46,44
Jared Spurgeon,Anaheim,47,30,70,83,63,82,68,79,83,77,80,76,79,72,70
Jared Staal,Phoenix,54,29,69,66,75,68,60,60,66,54,53,66,54,36,34
Jaromir Jagr,Winnipeg,71,48,60,67,75,69,60,68,67,68,66,62,59,83,79
Jaroslav Halak,Islanders,68,0,87,88,84,80,75,81,86,82,85,0,0,51,51
Jason Chimera,Carolina,33,40,68,70,73,68,70,64,70,67,65,68,60,90,85
Jason Demers,Tampa Bay,66,31,72,75,72,79,65,68,75,74,74,75,67,75,73
Jason Dickinson,Winnipeg,1,24,74,67,68,75,65,72,69,72,68,68,68,40,38
Jason Garrison,Vancouver,29,35,63,69,76,66,58,71,69,58,56,73,64,74,72
Jason Pominville,Montreal,52,37,61,72,68,71,76,78,71,69,69,70,69,90,85
Jason Spezza,Washington,21,36,64,67,72,74,70,69,66,74,76,67,70,89,84
Jason Zucker,Vancouver,3,28,70,77,69,78,76,70,76,76,78,72,77,60,58
Jay Beagle,Islanders,84,34,72,68,77,74,65,68,70,71,69,73,65,75,73
Jay Bouwmeester,Anaheim,41,36,69,76,73,79,65,72,76,74,71,76,66,92,87
Jayce Hawryluk,Carolina,1,24,77,69,73,72,63,65,70,72,69,66,71,35,33
Jayson Megna,Chicago,67,30,68,70,71,68,56,70,70,60,59,69,60,43,41
Jean-Gabriel Pageau,Chicago,44,27,77,74,68,79,65,70,73,73,72,73,75,58,56
Jean-Sebastien Dea,Detroit,7,26,68,66,68,70,57,66,70,64,61,66,66,35,33
Jeff Carter,Toronto,47,35,70,71,75,79,65,69,71,73,73,71,74,87,88
Jeff Petry,Toronto,32,32,77,74,76,82,85,73,74,79,82,76,76,76,74
Jeff Skinner,LosAngeles,62,27,68,78,70,79,76,69,80,74,76,68,79,74,72
Jerry D'Amigo,Calgary,3,29,63,71,69,64,60,70,71,54,53,66,54,37,35
Jesper Bratt,San Jose,22,21,66,72,65,76,65,76,72,76,75,67,73,37,35
Jesper Fast,Minnesota,18,28,74,73,69,77,68,72,73,73,69,69,71,57,55
Jesperi Kotkaniemi,Winnipeg,24,19,70,74,73,75,65,68,74,71,73,69,71,35,33
Jesse Puljujarvi,Calgary,17,21,66,69,74,69,65,70,70,65,65,68,65,35,33
Jimmy Hayes,Rangers,48,30,66,67,80,68,62,67,70,67,66,66,63,54,52
Jimmy Howard,Washington,48,0,81,80,82,83,66,80,81,78,80,0,0,55,55
Jimmy Schuldt,Montreal,8,24,57,68,69,69,55,70,67,69,69,70,58,35,33
Jimmy Vesey,Boston,28,26,69,72,73,76,77,72,72,72,70,70,72,50,48
Jiri Tlusty,Detroit,26,32,63,68,70,68,60,71,68,59,56,67,59,60,58
Joakim Lindstrom,Anaheim,45,36,58,72,57,65,60,69,72,62,62,60,60,49,47
Joakim Ryan,Nashville,1,26,67,69,72,76,64,75,69,74,71,72,65,40,38
Joe Colborne,Islanders,43,30,64,67,75,65,60,67,67,59,59,68,59,52,50
Joe Hicketts,Carolina,8,23,70,70,62,70,57,70,70,70,69,72,62,35,33
Joe Pavelski,New Jersey,44,35,72,67,69,79,77,71,67,77,80,68,78,93,88
Joe Thornton,Toronto,39,40,67,66,80,77,65,69,66,79,82,73,71,98,93
Joel Armia,Vancouver,33,26,76,70,74,77,66,70,69,73,74,75,74,49,47
Joel Edmundson,Florida,82,26,78,70,77,78,67,64,69,74,74,75,70,52,50
Joel L'Esperance,Washington,37,24,68,65,69,70,58,68,68,60,58,63,70,35,33
Joel Ward,Washington,43,39,63,69,77,68,65,70,68,66,62,69,64,86,82
Joey Hishon,LosAngeles,42,28,59,72,63,64,60,70,69,60,59,67,60,36,34
Johan Larsson,Calgary,26,27,73,70,71,76,72,68,70,71,68,69,67,56,54
Johan Sundstrom,Minnesota,31,27,60,65,70,63,60,62,66,61,60,66,54,35,33
John Carlson,Edmonton,10,30,72,77,79,84,82,75,77,92,89,80,80,78,80
John Gibson,Florida,25,0,88,86,83,85,80,75,86,80,90,0,0,35,35
John Gilmour,San Jose,12,26,68,69,69,70,58,69,69,63,61,67,65,35,33
John Hayden,Columbus,11,25,78,67,74,71,64,53,65,64,63,69,66,39,37
John Klingberg,Minnesota,11,27,67,79,67,83,67,74,80,85,85,75,74,57,60
John Moore,Toronto,25,29,71,76,75,78,65,70,76,72,66,74,72,65,63
John Persson,Washington,25,27,67,65,70,66,60,65,65,54,53,65,62,35,33
John Quenneville,Vancouver,11,23,70,69,71,70,57,70,68,60,58,70,62,35,33
John Tavares,St. Louis,92,29,69,76,74,81,79,70,76,82,85,70,86,81,88
Johnny Boychuk,Islanders,56,36,74,73,79,78,66,70,73,74,75,77,68,83,79
Johnny Gaudreau,Rangers,22,26,65,84,64,81,83,77,82,86,87,70,78,59,57
Johnny Oduya,Carolina,53,38,66,76,67,71,65,72,75,66,57,73,67,85,81
Jon Gillies,Colorado,36,0,72,78,77,75,77,78,80,78,78,0,0,27,28
Jon Marchessault,Ottawa,2,29,73,78,66,79,78,68,79,79,82,70,78,55,53
Jon Merrill,Rangers,35,28,73,70,75,77,64,68,71,73,70,74,68,54,52
Jonas Brodin,St. Louis,38,26,68,77,74,80,77,75,75,76,76,81,68,64,62
Jonathan Bernier,Pittsburgh,51,0,79,83,79,78,79,78,82,76,80,0,0,46,44
Jonathan Drouin,Rangers,45,24,69,80,70,78,65,70,81,79,79,68,73,49,47
Jonathan Ericsson,New Jersey,64,36,72,70,79,76,65,66,70,67,62,75,67,80,77
Jonathan Huberdeau,Rangers,15,26,69,77,71,80,84,69,77,88,88,75,79,62,65
Jonathan Quick,Anaheim,40,0,80,82,84,84,82,85,88,80,86,0,0,54,54
Jonathan Racine,LosAngeles,63,26,69,69,71,68,60,50,69,54,53,68,56,35,33
Jonathan Toews,Ottawa,20,31,71,76,75,82,79,69,76,82,82,80,78,87,93
Jonny Brodzinski,Carolina,5,26,68,65,71,70,59,70,66,70,70,66,66,36,34
Joonas Donskoi,Washington,73,27,66,77,72,76,70,72,76,74,75,75,73,53,51
Joonas Korpisalo,Boston,8,0,79,84,80,80,78,78,82,79,84,0,0,33,33
Jordan Binnington,Edmonton,33,0,90,92,90,86,80,80,93,87,93,0,0,29,30
Jordan Caron,Tampa Bay,31,29,61,68,75,62,60,65,66,54,53,70,54,45,43
Jordan Eberle,Nashville,9,29,67,79,66,78,72,76,79,76,77,67,75,76,74
Jordan Greenway,Carolina,13,23,71,66,78,75,65,66,68,73,68,69,70,37,35
Jordan Martinook,Ottawa,13,27,76,70,74,75,68,68,70,71,69,69,68,55,58
Jordan Nolan,Tampa Bay,70,30,69,67,78,65,64,55,69,65,64,71,59,58,56
Jordan Oesterle,LosAngeles,22,27,69,70,70,77,65,78,71,74,76,76,71,46,44
Jordan Schroeder,LosAngeles,19,29,60,71,68,62,60,76,70,59,56,70,59,45,43
Jordan Staal,Toronto,28,31,78,69,80,79,66,69,69,75,76,75,72,83,89
Jordan Weal,Detroit,69,27,66,70,68,75,65,72,71,72,74,69,71,46,44
Jordie Benn,St. Louis,13,32,72,73,71,77,66,70,73,74,73,75,69,68,66
Jori Lehtera,Winnipeg,26,32,66,71,75,66,64,67,70,63,62,69,61,55,53
Joseph Blandisi,Montreal,5,25,70,68,72,69,58,62,71,67,65,69,65,37,35
Josh Anderson,Tampa Bay,29,25,79,70,77,78,65,64,74,72,71,70,74,46,44
Josh Archibald,Columbus,40,27,77,70,70,75,65,70,68,71,69,69,72,44,42
Josh Jooris,Toronto,24,29,64,70,69,66,63,68,70,62,59,67,62,48,46
Josh Leivo,Toronto,33,26,67,69,73,75,64,70,69,72,74,68,72,42,40
Josh Manson,Columbus,23,28,79,72,77,80,67,66,73,75,73,77,67,56,59
Josh Morrissey,Pittsburgh,23,24,70,77,67,81,68,71,77,78,79,76,72,46,49
Joshua Bailey,Florida,44,30,66,74,71,78,79,74,74,81,77,71,73,85,86
JT Compher,Vancouver,14,24,69,73,70,78,67,72,73,74,71,67,72,43,41
JT Miller,Pittsburgh,10,27,74,73,75,79,79,69,73,81,83,72,77,61,59
Juho Lammikko,Vancouver,23,24,64,66,72,66,63,70,69,66,62,62,57,35,33
Jujhar Khaira,Rangers,11,25,76,68,74,74,66,64,69,69,67,69,68,44,42
Julius Honka,Anaheim,27,24,61,71,68,68,63,70,69,68,64,70,60,35,33
Jussi Jokinen,Chicago,49,36,61,70,64,68,65,69,70,68,70,64,63,84,80
Justin Abdelkader,Montreal,17,33,77,73,76,76,66,64,73,70,69,70,66,81,78
Justin Auger,Boston,4,25,63,66,69,62,55,70,66,54,53,63,54,35,33
Justin Bailey,LosAngeles,2,24,69,67,71,67,57,70,70,64,63,68,62,35,33
Justin Braun,Colorado,61,33,73,72,77,78,75,72,73,75,72,77,67,77,75
Justin Faulk,Nashville,38,28,75,77,73,80,79,71,76,75,78,71,73,69,67
Justin Kloos,Nashville,32,26,67,68,63,62,55,50,67,57,59,65,57,35,33
Justin Schultz,Washington,30,29,67,77,68,79,64,77,76,78,77,72,71,63,61
Justin Williams,Pittsburgh,24,38,70,68,72,77,65,68,68,76,79,73,76,91,86
Juuse Saros,Nashville,34,0,82,86,82,80,78,80,86,81,85,0,0,28,31
Juuso Riikola,San Jose,24,26,74,70,70,75,63,71,70,73,73,70,67,37,35
Kaapo Kahkonen,Anaheim,33,0,79,80,80,70,67,73,77,80,78,0,0,25,25
Kalle Kossila,Dallas,11,26,61,67,68,64,57,70,68,57,55,64,64,35,33
Karl Alzner,Vancouver,28,31,70,71,77,77,62,74,71,69,69,76,62,76,74
Kasimir Kaskisuo,Florida,10,0,70,77,73,74,75,76,79,74,72,0,0,27,25
Kasperi Kapanen,Rangers,1,23,70,80,71,77,65,73,80,74,73,69,73,41,39
Keaton Ellerby,Detroit,19,31,60,68,72,68,60,69,68,69,69,70,56,50,48
Keith Aulie,Buffalo,27,30,70,67,78,67,60,58,66,59,53,74,56,46,44
Keith Yandle,Washington,8,33,67,83,70,80,84,69,82,88,85,74,72,92,92
Kenny Agostino,Philly,75,27,70,67,72,69,62,67,69,70,70,70,64,38,36
Kerby Rychel,New Jersey,20,25,64,68,68,63,56,65,71,57,56,70,57,35,33
Kevan Miller,Winnipeg,12,32,73,70,75,72,65,66,70,69,69,76,60,57,55
Kevin Connauton,Columbus,19,30,73,70,72,76,64,67,67,71,69,74,68,53,51
Kevin Czuczman,Columbus,37,29,68,66,71,69,60,64,68,67,66,68,56,36,34
Kevin Fiala,Anaheim,28,23,67,74,70,77,79,69,73,79,80,70,77,45,43
Kevin Gravel,Philly,10,28,67,69,71,74,59,75,69,68,63,67,62,40,38
Kevin Hayes,Minnesota,14,27,70,70,77,79,73,72,70,77,76,74,77,59,62
Kevin Labanc,Philly,11,24,68,72,69,76,81,68,72,78,81,69,73,45,43
Kevin Shattenkirk,Toronto,13,31,72,76,70,78,65,69,77,78,79,75,71,75,73
Kevin Stenlund,Minnesota,33,23,69,71,74,74,60,70,65,67,69,67,69,35,33
Klas Dahlbeck,Boston,11,28,70,67,74,70,62,68,70,68,63,71,61,44,42
Kris Russell,Montreal,15,32,74,76,67,78,68,74,75,74,73,77,66,83,79
Kris Versteeg,Pittsburgh,50,33,60,72,65,69,60,67,72,67,68,70,64,75,73
Kristopher Letang,Carolina,65,32,78,80,69,86,68,68,80,85,85,74,82,81,83
Kurtis Gabriel,Anaheim,12,26,70,67,72,63,60,45,68,63,62,68,63,35,33
Kyle Chipchura,Islanders,18,34,63,66,73,64,60,59,68,63,62,68,59,65,63
Kyle Clifford,Buffalo,16,29,77,69,78,72,65,51,69,70,70,69,70,73,71
Kyle Connor,Minnesota,35,23,65,77,70,81,81,74,77,79,78,68,84,42,40
Kyle Cumiskey,Phoenix,27,33,59,75,59,66,60,73,75,54,53,69,56,45,43
Kyle Okposo,Florida,21,31,70,73,76,76,68,68,73,74,72,67,72,82,79
Kyle Palmieri,Winnipeg,18,29,73,76,68,78,67,68,77,75,76,71,80,66,69
Kyle Turris,Tampa Bay,4,30,66,74,68,77,66,69,74,77,77,69,71,78,75
Landon Ferraro,Pittsburgh,29,28,57,68,67,59,55,67,68,54,56,65,69,39,37
Lars Eller,Washington,12,30,72,72,74,78,82,67,73,75,73,77,73,79,76
Laurent Brossoit,Ottawa,31,0,78,83,82,77,77,74,80,79,84,0,0,31,29
Laurent Dauphin,Vancouver,7,24,60,70,70,65,55,65,70,57,56,65,57,35,33
Lawson Crouse,Dallas,9,22,81,70,76,74,65,64,69,71,69,70,72,41,39
Leo Komarov,Florida,47,33,79,68,76,75,67,69,69,73,71,73,67,65,63
Leon Draisaitl,Florida,30,24,70,74,77,84,83,73,77,89,87,70,90,54,57
Liam O'Brien,LosAngeles,87,25,69,66,71,61,56,45,67,54,53,69,54,35,33
Lias Andersson,Winnipeg,16,21,71,66,71,72,60,65,66,67,66,65,63,35,33
Linus Soderstrom,St. Louis,17,0,69,71,72,72,70,73,68,68,72,0,0,25,27
Linus Ullmark,Buffalo,31,0,81,83,78,81,77,73,85,78,85,0,0,30,27
Logan Couture,Minnesota,52,30,72,72,73,80,69,75,72,80,81,73,78,77,85
Logan Shaw,Edmonton,42,27,68,67,75,70,65,74,70,68,66,69,66,46,44
Loui Eriksson,Montreal,28,34,64,74,72,75,65,78,76,72,69,66,71,89,84
Louie Belpedio,Colorado,2,23,61,67,70,65,55,70,70,57,56,71,59,35,33
Luca Sbisa,Washington,17,30,75,72,75,77,62,67,71,75,73,75,67,67,65
Lucas Wallmark,New Jersey,6,24,69,69,70,75,65,69,69,73,74,70,71,40,38
Lukas Sedlak,Nashville,31,27,66,69,70,66,64,67,68,62,61,69,64,41,39
Luke Glendening,Winnipeg,30,30,80,72,71,77,68,70,70,69,67,72,70,65,68
Luke Kunin,Anaheim,37,22,72,71,73,77,64,65,71,73,70,64,72,35,33
Luke Schenn,Buffalo,8,30,80,70,77,74,63,66,70,72,65,73,64,79,76
Luke Witkowski,Ottawa,53,29,78,71,78,69,61,49,69,72,67,69,67,43,41
Mackenzie Blackwood,Carolina,14,0,84,85,84,84,79,82,87,80,86,0,0,26,26
Mackenzie MacEachern,Carolina,30,26,72,69,74,70,64,62,69,65,64,66,70,36,34
Mackenzie Skapski,Vancouver,12,0,69,70,70,71,71,70,75,71,71,0,0,33,31
Madison Bowey,LosAngeles,33,24,71,68,75,76,65,66,68,74,75,72,67,39,37
Magnus Paajarvi,Chicago,19,28,66,73,70,71,80,76,73,65,64,66,67,60,58
Mantas Armalis,Vancouver,30,0,69,72,68,71,74,75,77,72,71,0,0,30,28
Marc Methot,Buffalo,38,34,66,68,77,69,60,68,70,59,56,74,60,75,73
Marc Staal,Florida,29,33,72,70,79,77,67,70,70,74,71,78,66,85,81
Marc-Edouard Vlasic,San Jose,19,32,66,77,73,80,77,73,77,75,73,82,71,88,83
Marco Scandella,Boston,27,30,70,72,76,78,68,71,72,74,71,76,71,68,66
Marcus Foligno,Tampa Bay,82,28,80,70,77,74,73,62,69,72,69,68,70,66,64
Marcus Hogberg,Tampa Bay,3,0,72,78,77,75,77,78,80,78,78,0,0,27,28
Marcus Johansson,Columbus,20,29,66,78,67,77,65,78,78,76,73,69,72,72,70
Marcus Pettersson,Islanders,10,23,72,74,69,77,65,68,75,75,78,74,65,39,37
Marcus Sorensen,Dallas,44,27,68,68,73,74,65,70,70,71,69,67,71,45,43
Marek Hrivik,LosAngeles,43,28,63,66,68,63,56,70,64,54,51,65,54,36,34
Marek Mazanec,San Jose,41,0,78,78,76,76,73,77,77,78,77,0,0,30,26
Marian Gaborik,Vancouver,52,38,61,72,69,70,64,71,73,68,67,65,69,76,74
Mark Barberio,Philly,55,29,68,71,73,75,61,69,72,70,64,75,67,51,49
Mark Borowiecki,Tampa Bay,75,30,83,72,78,76,65,52,72,73,70,71,70,58,56
Mark Giordano,Florida,22,36,76,76,74,83,74,67,76,83,85,78,78,91,96
Mark Jankowski,Toronto,6,25,68,72,77,74,68,70,72,69,68,72,71,43,41
Mark Letestu,Toronto,55,35,66,70,69,73,62,77,70,66,64,68,64,73,71
Mark Pysyk,Chicago,37,28,72,72,72,76,69,73,73,74,71,73,69,57,55
Mark Scheifele,Minnesota,10,27,72,76,76,84,72,70,77,83,83,72,82,62,65
Mark Stone,Toronto,62,27,77,73,80,81,67,73,73,84,86,81,79,59,62
Marko Dano,Pittsburgh,18,25,70,68,72,68,58,68,73,61,58,68,62,38,36
Markus Granlund,Minnesota,12,26,67,71,69,75,65,73,70,67,66,67,70,51,49
Markus Hannikainen,Washington,42,26,65,67,71,66,63,73,68,63,62,68,64,37,35
Markus Nutivaara,Washington,2,25,67,74,73,76,65,79,75,74,73,77,72,45,43
Martin Frk,Anaheim,34,26,67,70,69,73,63,73,66,71,72,65,72,39,37
Martin Jones,Rangers,16,0,80,88,81,80,78,78,84,77,83,0,0,38,38
Martin Marincin,Philly,16,28,71,72,72,75,59,69,72,73,70,73,67,46,44
Mason Appleton,Rangers,29,24,65,69,69,71,64,68,69,68,65,70,68,35,33
Mason Raymond,Dallas,26,34,58,77,65,63,60,71,78,54,53,68,54,69,67
Mathew Barzal,Pittsburgh,52,22,71,83,70,80,83,69,83,84,84,69,74,41,39
Mathieu Joseph,Edmonton,9,23,72,68,69,73,65,68,65,70,69,66,70,35,33
Mathieu Perreault,Tampa Bay,85,32,72,72,64,75,66,68,73,73,75,70,72,73,71
Mats Zuccarello,Pittsburgh,4,32,71,79,62,79,66,70,78,78,77,70,73,72,70
Matt Bartkowski,Boston,65,31,60,72,70,65,57,67,71,58,57,74,69,52,50
Matt Beleskey,Chicago,39,31,68,68,72,63,57,61,68,57,56,67,65,65,63
Matt Calvert,Carolina,40,30,73,72,70,76,66,65,72,73,69,72,72,67,65
Matt Duchene,Chicago,12,29,68,82,70,79,76,76,82,80,79,70,78,79,76
Matt Dumba,Edmonton,15,25,73,78,77,82,65,69,77,77,80,77,76,54,52
Matt Grzelcyk,Florida,11,26,70,70,73,77,66,67,71,74,76,69,69,43,41
Matt Hunwick,Chicago,40,34,62,74,70,69,61,71,74,68,66,73,61,71,69
Matt Luff,Carolina,23,22,66,66,69,72,61,70,68,71,69,64,69,35,33
Matt Martin,Rangers,43,30,83,68,79,72,65,50,67,68,67,68,67,76,74
Matt Murray,Pittsburgh,28,0,83,90,83,83,76,83,88,88,87,0,0,35,33
Matt Niskanen,Chicago,13,33,76,74,72,81,73,69,73,76,78,79,73,88,83
Matt Puempel,Florida,73,27,60,64,69,65,57,68,67,57,56,70,63,37,35
Matt Read,Tampa Bay,11,33,64,73,69,66,59,77,73,57,57,69,62,65,63
Matt Stajan,Washington,45,36,66,68,65,68,66,67,69,66,66,68,61,81,78
Matt Watkins,Phoenix,45,33,59,70,50,61,60,70,70,54,53,49,54,40,38
Matthew Benning,Washington,3,25,72,69,71,75,65,68,72,74,73,73,69,45,43
Matthew Highmore,Edmonton,18,24,68,66,69,71,61,70,66,67,66,64,65,35,33
Matthew Nieto,Ottawa,83,27,66,73,67,75,69,76,73,73,71,68,69,60,58
Matthew Peca,Montreal,68,26,68,70,69,72,60,70,67,71,68,68,64,37,35
Matthew Tkachuk,Columbus,10,22,74,72,77,79,73,63,72,81,86,71,80,43,46
Mattias Ekholm,St. Louis,9,29,72,72,77,82,81,70,73,79,80,81,74,66,69
Mattias Janmark-Nylen,Phoenix,33,27,66,72,72,77,77,73,71,73,69,69,69,49,47
Max Domi,San Jose,13,25,70,79,72,78,85,65,78,80,79,71,75,51,49
Max McCormick,Chicago,15,27,65,68,67,63,60,49,68,58,57,68,63,38,36
Max Pacioretty,Carolina,73,31,74,74,76,79,67,68,74,78,81,69,80,80,82
Max Reinhart,Phoenix,60,28,59,67,67,62,60,70,67,54,53,68,54,35,33
Max Veronneau,Tampa Bay,5,24,63,68,69,69,57,70,66,65,67,63,65,35,33
Maxim Lapierre,Washington,32,34,65,69,70,65,60,59,69,62,62,69,56,70,68
Maxim Letunov,Colorado,34,24,65,57,65,69,56,70,59,60,62,55,69,35,33
Maxim Mamin,St. Louis,36,25,65,68,70,63,59,67,65,58,60,64,58,35,33
Melker Karlsson,Ottawa,16,29,69,69,70,74,70,69,69,68,67,67,70,58,56
Michael Bunting,Nashville,21,24,61,61,68,64,56,66,67,57,57,62,65,35,33
Michael Chaput,Ottawa,39,27,74,70,71,73,58,66,69,66,64,71,60,43,41
Michael Dal Colle,Detroit,5,23,68,62,70,73,62,75,65,69,69,64,67,35,33
Michael Del Zotto,Washington,24,29,77,75,69,78,65,71,75,74,75,75,68,73,71
Michael Ferland,Dallas,27,27,77,70,75,75,65,65,70,75,75,68,72,52,50
Michael Frolik,Columbus,70,32,68,74,72,75,65,70,72,73,72,71,71,86,82
Michael Grabner,LosAngeles,54,32,68,81,67,75,65,76,81,68,67,72,74,75,73
Michael Hutchinson,Phoenix,38,0,78,79,79,77,75,78,82,80,83,0,0,32,32
Michael Latta,Calgary,32,28,67,67,72,62,60,47,67,61,61,69,59,41,39
Michael Matheson,Vancouver,15,26,73,76,74,79,72,69,77,74,74,74,74,44,42
Michael McCarron,Montreal,31,25,69,66,79,64,59,45,67,59,59,70,55,35,33
Michael Paliotta,Ottawa,24,26,64,68,71,62,60,45,67,54,53,63,56,35,33
Michael Raffl,Boston,48,31,71,70,70,74,67,68,70,72,70,72,70,64,62
Michael Rasmussen,Colorado,16,20,66,66,75,69,65,67,66,67,66,68,66,35,33
Michael Stone,Ottawa,33,29,73,70,76,76,64,69,70,74,70,76,67,62,60
Michal Kempny,Carolina,17,29,71,78,72,78,65,68,79,74,74,77,70,49,47
Michal Neuvirth,Toronto,31,0,80,82,77,77,73,77,83,75,81,0,0,37,37
Miikka Salomaki,Philly,27,27,75,69,70,73,62,66,69,66,66,69,68,42,40
Mika Zibanejad,Nashville,93,26,76,72,75,82,69,74,72,81,81,69,85,63,66
Mikael Backlund,Nashville,17,31,72,73,70,79,81,69,73,78,78,72,74,76,79
Mikael Granlund,Rangers,12,28,69,76,69,79,74,74,74,78,79,77,74,64,62
Mike Green,Toronto,57,34,73,77,70,80,65,68,76,78,77,71,72,81,78
Mike Hoffman,Edmonton,73,30,67,86,71,79,84,70,86,79,82,66,81,64,62
Mike Lundin,Calgary,74,35,57,70,71,68,60,76,70,65,60,69,56,53,51
Mike Reilly,Rangers,13,26,68,71,72,77,65,70,74,75,78,71,67,44,42
Mike Smith,Vancouver,64,0,83,85,86,82,70,70,84,78,82,0,0,55,53
Mike Vecchione,Calgary,36,27,58,69,70,62,60,70,68,54,55,68,54,35,33
Mikhail Grabovski,Islanders,83,36,62,73,62,68,60,67,73,67,64,68,64,71,69
Mikhail Grigorenko,Nashville,14,25,59,70,70,68,60,77,74,65,61,69,64,43,41
Mikhail Sergachev,Pittsburgh,44,21,72,76,74,77,77,68,78,77,80,75,74,40,38
Mikkel Boedker,Vancouver,89,30,66,80,68,74,65,77,79,75,73,69,70,75,73
Mikko Koivu,Columbus,56,37,69,70,73,78,65,69,70,77,75,71,69,90,85
Mikko Koskinen,Ottawa,1,0,84,85,86,78,78,79,83,82,81,0,0,37,38
Mikko Rantanen,Anaheim,30,23,70,76,79,81,66,70,75,85,87,70,82,45,43
Milan Lucic,Dallas,33,31,82,66,84,75,81,60,66,73,74,69,69,87,83
Miles Wood,St. Louis,4,24,74,82,75,75,69,57,82,72,70,68,72,45,43
Mirco Mueller,Vancouver,22,25,72,68,75,77,64,72,68,73,69,72,65,41,39
Miro Heiskanen,Detroit,14,20,67,76,72,81,82,75,75,76,79,75,75,35,33
Mitch Marner,New Jersey,14,22,70,82,67,81,76,72,86,92,88,73,76,45,48
Mitchell Stephens,Winnipeg,3,23,67,62,68,72,64,70,68,66,63,67,66,35,33
Morgan Klimchuk,Montreal,7,25,64,70,69,61,55,70,60,54,56,68,54,35,33
Morgan Rielly,New Jersey,2,26,70,79,75,82,67,77,79,88,85,77,77,60,63
Nail Yakupov,Philly,64,26,65,72,67,67,65,68,72,66,64,63,67,52,50
Nate Schmidt,Toronto,20,28,70,80,72,80,66,77,79,78,81,77,74,57,55
Nathan Beaulieu,LosAngeles,16,27,71,76,75,75,64,66,76,74,72,74,67,53,51
Nathan Gerbe,LosAngeles,51,32,70,77,55,70,59,68,77,70,67,63,70,63,61
Nathan MacKinnon,Minnesota,16,24,68,87,71,83,78,72,86,90,91,70,86,59,62
Nathan Oystrick,Dallas,12,37,62,65,70,66,60,62,67,67,68,64,67,48,46
Nathan Walker,Detroit,11,26,69,66,68,69,56,61,69,69,69,66,69,35,33
Nazem Kadri,Dallas,46,29,73,78,72,78,67,65,78,77,78,70,77,70,68
Neal Pionk,LosAngeles,46,24,76,73,70,81,65,71,73,81,83,72,72,40,38
Nic Dowd,Philly,26,29,73,70,73,72,65,67,70,70,67,69,69,50,48
Nicholas Baptiste,Carolina,19,24,60,70,71,66,62,66,70,61,60,70,65,35,33
Nick Bjugstad,Tampa Bay,27,27,74,70,80,76,65,69,70,72,74,69,72,58,56
Nick Bonino,Montreal,38,31,70,72,72,77,74,73,72,73,69,72,74,73,71
Nick Cousins,Boston,1,26,73,70,70,75,73,68,70,73,72,69,70,51,49
Nick Foligno,Toronto,71,32,83,71,74,79,71,65,71,74,71,72,73,88,93
Nick Holden,Boston,30,32,74,70,75,78,66,74,70,74,74,72,71,67,65
Nick Jensen,St. Louis,34,29,68,77,72,77,81,75,76,74,71,76,63,52,50
Nick Lappin,Calgary,1,27,64,69,71,67,57,69,70,57,56,66,57,37,35
Nick Leddy,Tampa Bay,8,29,69,77,72,80,76,78,77,76,77,77,70,75,73
Nick Paul,Florida,13,25,75,66,74,74,62,69,68,70,66,67,69,37,35
Nick Ritchie,San Jose,14,24,82,70,77,76,65,57,69,75,73,71,71,45,43
Nick Schmaltz,Colorado,23,24,67,72,71,78,65,76,70,80,79,68,72,43,41
Nick Seeler,Tampa Bay,28,26,75,68,73,73,63,60,67,71,62,74,64,38,36
Nick Sorensen,LosAngeles,0,25,58,65,71,65,60,67,67,66,63,63,54,35,33
Nick Spaling,Detroit,8,31,66,68,67,68,60,72,68,65,63,70,59,62,60
Nicklas Backstrom,Rangers,24,32,69,80,72,81,76,69,80,84,84,70,74,87,88
Nico Hischier,Buffalo,5,21,70,78,70,79,69,73,77,79,77,70,74,37,40
Nicolas Aube-Kubel,Vancouver,6,23,74,70,72,71,61,66,70,69,69,70,69,35,33
Nicolas Deslauriers,Tampa Bay,19,29,82,70,75,71,65,56,70,67,67,73,68,56,54
Nicolas Roy,Rangers,28,23,70,69,74,70,58,69,66,69,70,66,68,35,33
Nikita Gusev,Washington,97,27,63,74,66,76,75,71,74,79,79,70,73,38,36
Nikita Kucherov,Washington,4,26,69,83,71,81,81,69,87,92,92,72,85,61,59
Nikita Nesterov,Philly,86,26,64,70,69,68,60,67,70,68,70,69,65,40,38
Nikita Scherbak,Philly,3,24,62,70,66,65,59,70,70,58,59,62,64,35,33
Nikita Soshnikov,Philly,35,26,62,71,69,63,57,69,69,57,56,71,57,37,35
Nikita Tryamkin,Washington,5,25,71,69,77,68,60,63,73,66,59,70,59,36,34
Nikita Zadorov,Edmonton,52,24,85,70,76,77,70,63,71,74,70,74,72,50,48
Nikita Zaitsev,Edmonton,8,28,75,74,74,80,66,73,74,74,71,76,66,51,49
Niklas Hjalmarsson,Nashville,18,32,71,73,78,78,65,72,73,74,69,80,63,82,84
Nikolai Kulemin,Detroit,45,33,67,69,73,67,58,73,69,65,63,69,61,78,75
Nikolaj Ehlers,Edmonton,28,24,66,82,72,77,73,70,81,78,80,71,79,50,48
Nikolay Goldobin,Minnesota,0,24,64,70,71,74,62,75,71,71,70,71,68,37,35
Nino Neiderreiter,Pittsburgh,32,27,70,74,73,76,71,68,74,75,78,72,74,67,65
Noah Hanafin,St. Louis,25,23,71,74,74,79,81,76,75,75,78,77,72,50,48
Noah Juulsen,LosAngeles,3,22,71,66,72,69,60,70,68,67,64,63,64,35,33
Noel Acciari,Vancouver,16,28,79,67,70,75,66,69,71,68,66,65,72,48,46
Nolan Patrick,Calgary,20,21,68,74,73,75,65,69,74,75,71,68,72,35,33
Oliver Bjorkstrand,New Jersey,24,24,68,81,73,76,68,78,78,74,76,68,77,44,42
Oliver Ekman-Larsson,Colorado,20,28,76,81,71,83,81,69,81,77,77,75,77,75,83
Oliver Kylington,Minnesota,37,22,66,70,70,74,64,70,70,73,66,73,69,35,33
Olli Maata,San Jose,5,25,74,74,73,77,69,75,74,74,76,77,68,55,53
Ondrej Kase,New Jersey,32,24,66,71,73,77,65,74,73,75,76,70,74,42,40
Ondrej Palat,Washington,31,28,75,72,73,77,65,73,73,78,78,74,72,63,61
Oscar Dansk,Boston,19,0,77,80,81,75,74,71,79,79,79,0,0,28,28
Oscar Klefbom,Rangers,10,26,71,70,75,83,65,78,74,79,79,77,72,54,52
Oscar Lindberg,Minnesota,26,28,69,70,72,69,65,67,70,67,65,69,68,49,47
Oskar Lindblom,Colorado,18,23,69,72,69,76,64,75,72,73,74,64,74,36,34
Oskar Sundqvist,Washington,14,25,72,71,77,75,65,69,73,72,70,75,71,43,41
P.E Bellemare,Boston,39,35,70,70,72,74,73,73,69,71,70,69,68,68,66
P.K. Subban,Florida,76,30,74,79,74,81,71,65,79,77,78,77,76,77,75
Par Lindholm,St. Louis,39,28,69,67,70,73,65,73,65,69,68,65,63,41,39
Patric Hornqvist,St. Louis,47,33,76,76,66,77,65,68,76,75,78,70,77,82,79
Patrice Bergeron,Rangers,44,34,73,74,73,80,65,70,74,83,83,80,83,89,89
Patrice Cormier,Phoenix,6,29,57,68,73,59,60,65,67,54,56,68,54,39,37
Patrick Eaves,Chicago,7,35,66,70,65,67,56,70,71,57,56,72,57,69,67
Patrick Kane,Anaheim,88,31,66,87,68,84,84,72,87,88,88,69,85,88,88
Patrick Marleau,Anaheim,16,40,68,76,67,77,81,76,76,73,73,68,73,99,94
Patrick Maroon,Philly,59,31,74,68,79,74,70,58,68,73,72,70,70,59,57
Patrik Berglund,LosAngeles,18,31,67,72,75,70,63,70,72,65,63,71,66,78,75
Patrik Laine,Carolina,2,21,70,78,74,79,83,71,78,78,80,69,82,44,42
Patrik Nemeth,St. Louis,1,28,73,69,76,78,68,69,70,74,70,74,64,51,49
Paul Byron,Philly,33,30,73,81,62,76,65,72,80,74,71,71,73,62,65
Paul Ladue,Rangers,30,27,70,70,72,74,59,70,65,74,73,69,69,37,35
Paul Postma,St. Louis,37,31,60,70,71,65,58,72,70,65,58,71,57,48,46
Paul Stastny,Vancouver,37,34,69,73,72,79,68,70,72,78,81,71,74,85,81
Pavel Buchnevich,New Jersey,31,24,69,70,74,77,68,72,73,77,77,69,75,44,42
Pavel Datsyuk,New Jersey,30,41,64,74,64,73,60,77,74,73,75,74,67,78,75
Pavel Zacha,St. Louis,20,22,70,70,74,77,66,72,70,75,74,70,71,43,41
Peter Cehlarik,St. Louis,5,24,70,69,70,70,57,70,68,70,70,70,66,35,33
Peter Mueller,Tampa Bay,88,31,63,67,73,69,60,71,66,66,63,64,65,50,48
Petr Mrazek,St. Louis,40,0,90,89,86,78,76,80,87,83,88,0,0,43,44
Petr Straka,Vancouver,51,27,63,67,67,63,60,70,68,69,69,66,54,35,33
Pheonix Copley,Colorado,9,0,75,81,78,77,76,76,80,78,84,0,0,35,36
Phil Kessel,Anaheim,82,32,64,83,68,79,84,74,83,82,82,67,77,90,90
Philipp Grubauer,Columbus,38,0,84,90,90,82,76,81,87,84,90,0,0,34,33
Philippe Myers,Anaheim,31,23,74,72,75,76,63,69,69,72,71,69,70,35,33
Phillip Danault,St. Louis,24,27,74,71,76,79,68,69,71,79,79,80,71,52,50
Pierre Engvall,New Jersey,3,23,65,70,74,73,65,70,71,71,67,69,72,35,33
Pierre-Luc Dubois,Minnesota,1,21,74,69,77,79,84,67,69,79,80,71,76,40,38
Pontus Aberg,Colorado,79,26,65,69,70,74,63,72,70,73,73,70,68,40,38
Radek Faksa,Florida,6,26,74,70,77,77,79,67,71,71,70,72,72,51,49
Radko Gudas,Boston,75,29,81,66,77,76,69,61,66,74,74,76,68,63,61
Raphael Diaz,Philly,24,34,59,72,68,65,60,72,72,59,53,71,60,52,50
Rasmus Andersson,Columbus,3,23,68,72,74,77,65,68,72,74,76,76,68,38,36
Rasmus Dahlin,Rangers,14,19,71,76,73,79,72,69,76,81,81,76,72,35,33
Rasmus Ristolainen,Rangers,5,25,80,76,75,84,75,70,76,81,78,74,72,59,57
Reid Boucher,St. Louis,12,26,61,68,66,61,58,75,70,58,58,66,58,40,38
Reilly Smith,St. Louis,15,28,69,76,72,79,71,74,74,80,80,73,78,67,70
Remi Elie,Vancouver,5,24,66,68,71,67,64,70,68,63,63,69,60,36,34
Richard Bachman,Phoenix,34,0,77,80,80,74,73,68,79,79,80,0,0,32,31
Richard Panik,LosAngeles,70,29,75,73,72,76,68,66,72,74,73,68,72,61,59
Rickard Rakell,Edmonton,68,26,71,72,73,80,70,76,72,78,77,71,76,58,56
Riley Nash,Dallas,59,30,71,70,71,73,73,73,70,72,69,72,67,68,66
Riley Sheahan,Islanders,11,28,68,70,77,75,81,77,71,70,68,71,70,62,60
Rinat Valiev,Colorado,33,24,63,69,70,65,55,70,66,54,55,69,56,35,33
Rob Schremp,Phoenix,24,33,61,70,65,68,60,73,70,66,63,60,66,47,45
Robbie Russo,St. Louis,14,27,61,68,71,68,60,70,67,54,55,69,56,35,33
Robby Fabbri,Colorado,32,24,68,70,71,76,65,70,71,73,71,69,72,41,39
Robert Bortuzzo,Columbus,48,31,72,66,76,74,65,61,69,73,70,74,68,58,56
Robert Hagg,Colorado,8,25,81,71,72,76,66,67,74,74,72,73,70,42,40
Robert Thomas,Phoenix,2,20,65,78,71,76,70,73,79,79,80,69,71,35,33
Robin Lehner,Boston,80,0,91,89,89,87,79,82,88,85,89,0,0,34,32
Rocco Grimaldi,Anaheim,24,27,66,70,66,73,64,74,70,73,73,68,70,42,40
Roland McKeown,Carolina,35,24,64,67,70,67,57,47,69,68,69,71,56,35,33
Roman Josi,Rangers,59,29,71,82,74,85,79,74,81,87,86,82,81,71,79
Roman Lyubimov,Ottawa,28,28,59,67,73,64,60,70,70,58,55,67,61,36,34
Roman Polak,Dallas,69,33,79,70,80,77,65,66,70,73,68,76,63,84,80
Ron Hainsey,San Jose,70,38,70,70,75,79,77,74,70,74,73,78,68,96,96
Roope Hintz,Islanders,6,23,72,67,76,76,65,70,66,73,75,63,74,36,34
Rourke Chartier,Minnesota,38,23,62,63,69,64,58,70,62,57,57,70,62,35,33
Ryan Callahan,Washington,51,35,69,72,76,69,65,68,72,69,65,72,66,80,77
Ryan Carpenter,Columbus,49,29,73,70,72,75,65,71,70,72,72,69,66,46,44
Ryan Donato,Pittsburgh,36,23,66,68,68,73,64,75,70,72,74,68,73,37,35
Ryan Dzingel,Nashville,46,28,67,70,71,77,75,69,70,76,76,67,74,52,50
Ryan Ellis,Rangers,7,29,72,79,65,83,65,74,79,83,81,76,75,64,67
Ryan Getzlaf,Washington,22,34,82,69,83,81,66,66,70,83,80,76,73,89,94
Ryan Graves,Colorado,17,24,75,68,76,77,65,68,68,73,72,71,74,36,34
Ryan Hartman,Anaheim,20,25,74,70,74,75,81,60,74,72,70,70,71,49,47
Ryan Johansen,Nashville,13,27,72,72,77,80,79,68,73,80,80,70,72,71,74
Ryan Kesler,Anaheim,72,35,71,70,75,73,65,65,70,63,63,71,64,85,86
Ryan Kuffner,Washington,38,23,60,66,69,65,57,70,66,57,56,64,57,35,33
Ryan MacInnis,Columbus,9,24,67,67,73,69,58,70,66,68,67,69,60,35,33
Ryan McDonagh,Chicago,14,30,74,77,78,81,66,73,77,79,76,81,69,74,77
Ryan Miller,Florida,61,0,76,82,75,79,72,81,80,81,81,0,0,78,78
Ryan Murray,Ottawa,5,26,68,74,72,79,64,75,75,79,76,76,67,52,50
Ryan Nugent-Hopkins,Pittsburgh,93,26,70,74,73,82,69,73,72,81,82,71,78,66,69
Ryan O'Reilly,Dallas,61,29,70,76,80,82,85,80,73,83,84,80,75,80,82
Ryan Pulock,Pittsburgh,19,25,74,73,76,80,74,77,72,77,78,74,74,45,43
Ryan Reaves,Dallas,22,33,85,68,81,71,82,45,69,69,70,76,68,76,74
Ryan Spooner,Anaheim,51,28,63,76,65,69,65,75,74,68,67,71,64,51,49
Ryan Strome,Edmonton,11,26,69,73,70,79,84,68,72,77,76,69,74,60,58
Ryan Suter,Dallas,35,35,69,73,78,86,81,72,72,85,81,83,73,93,93
Ryan White,Montreal,54,30,74,70,74,65,60,49,68,62,61,69,64,56,54
Saku Maenalanen,Nashville,29,25,66,65,74,65,62,62,70,64,62,73,64,35,33
Sam Bennett,Dallas,8,23,77,70,71,75,67,63,73,70,72,69,71,49,47
Sam Gagner,Buffalo,89,30,66,73,65,76,65,69,73,73,74,65,71,80,77
Sam Perhonen,Winnipeg,25,0,70,72,69,73,75,78,79,74,74,0,0,27,26
Sam Reinhart,Winnipeg,36,24,67,74,72,80,84,77,74,79,81,66,76,53,51
Sam Steel,Florida,5,22,65,76,70,77,64,71,76,73,74,67,70,35,33
Sami Niku,Minnesota,39,23,67,70,69,74,59,70,64,74,72,65,64,35,33
Sami Vatanen,Islanders,12,28,73,78,66,81,65,71,78,77,77,76,72,59,57
Samuel Girard,Nashville,35,21,68,81,67,79,78,78,81,77,79,63,69,39,37
Samuel Morin,St. Louis,11,24,69,67,71,69,56,62,71,60,58,66,62,35,33
Scott Harrington,Columbus,52,27,68,71,74,73,64,69,72,74,72,71,66,43,41
Scott Laughton,Winnipeg,8,25,76,70,72,75,69,66,70,73,70,71,72,49,47
Scott Mayfield,Vancouver,13,27,74,66,72,78,66,64,68,74,71,71,70,47,45
Scott Wedgewood,Toronto,69,0,74,77,76,76,75,74,73,75,78,0,0,30,32
Scott Wilson,Philly,90,27,70,69,71,73,62,69,69,71,69,68,67,44,42
Sean Couturier,Boston,3,27,70,74,77,83,82,71,73,82,84,78,79,69,72
Sean Kuraly,Columbus,15,27,75,73,73,75,72,67,72,72,69,70,68,45,43
Sean Monahan,San Jose,8,25,69,73,76,80,76,76,73,80,84,71,80,62,65
Sebastian Aho,Pittsburgh,38,22,71,77,70,81,80,73,77,81,86,69,84,45,43
Sebastian Aho,Toronto,17,24,59,69,69,70,60,70,64,68,63,65,63,35,33
Semyon Varlamov,St. Louis,42,0,84,88,83,80,76,78,87,83,87,0,0,49,49
Sergei Bobrovsky,Toronto,36,0,82,89,87,90,85,80,88,83,83,0,0,55,55
Seth Helgeson,Philly,9,29,69,68,73,67,60,60,70,54,50,69,67,39,37
Seth Jones,Minnesota,15,25,75,74,80,85,69,75,76,83,81,82,75,61,64
Shane Gersich,Carolina,18,23,62,66,69,63,56,70,64,69,66,65,54,35,33
Shane Prince,Tampa Bay,17,27,63,70,69,67,58,69,70,60,60,70,61,41,39
Shayne Gostisbehere,Toronto,54,26,67,79,69,78,66,72,79,78,78,71,75,51,49
Shea Theodore,New Jersey,39,24,69,77,74,80,71,73,77,79,83,77,78,45,43
Shea Weber,Dallas,63,34,77,74,83,81,65,69,74,76,79,85,81,88,93
Sidney Crosby,Chicago,87,32,71,83,71,82,66,69,83,90,90,71,81,82,89
Slater Koekkoek,Toronto,15,26,74,71,70,75,63,66,68,74,70,74,68,40,38
Sonny Milano,Pittsburgh,46,23,65,70,64,74,64,70,72,72,72,57,71,36,34
Spencer Foo,Nashville,77,25,67,66,64,69,56,70,63,54,56,59,69,35,33
Spencer Martin,Buffalo,19,0,77,77,77,75,74,78,77,75,75,0,0,28,30
Stanislav Galiev,Vancouver,21,28,59,69,69,63,60,70,69,63,63,70,54,35,33
Stefan Matteau,Anaheim,21,26,69,66,74,69,57,66,72,69,68,66,69,35,33
Stefan Noesen,Buffalo,65,27,76,68,74,74,65,65,69,69,68,69,70,44,42
Stephen Johns,Phoenix,24,27,80,70,75,77,64,68,71,73,69,72,73,43,41
Steve Bernier,Pittsburgh,49,34,68,66,75,64,56,69,70,54,53,68,54,67,65
Steve Mason,Dallas,10,0,75,74,78,79,74,71,78,74,81,0,0,52,48
Steven Santini,Ottawa,17,25,75,68,71,75,61,69,68,68,66,70,65,36,34
Steven Stamkos,New Jersey,92,30,70,80,70,80,72,68,80,85,88,72,86,81,88
Sven Baertschi,Toronto,27,27,67,71,71,75,61,72,71,74,75,69,71,50,48
T.J. Brodie,Minnesota,34,29,69,75,73,80,72,75,76,76,79,82,72,71,69
T.J. Oshie,Toronto,41,33,76,73,71,79,71,69,73,78,80,70,78,84,80
Tage Thompson,Tampa Bay,30,22,70,65,76,73,63,69,68,66,64,67,67,35,33
Tanner Pearson,Montreal,36,27,71,72,73,77,82,72,71,73,72,71,74,59,57
Tanner Richard,Ottawa,27,26,69,65,71,67,60,64,64,54,55,68,54,35,33
Taro Hirose,New Jersey,17,23,67,72,66,70,60,70,72,70,70,65,67,35,33
Taylor Beck,Buffalo,1,28,61,66,73,63,60,69,67,54,53,67,54,40,38
Taylor Chorney,Phoenix,44,32,62,73,65,67,61,70,73,68,64,73,63,49,47
Taylor Fedun,Phoenix,82,31,65,73,68,74,62,70,73,74,74,71,71,46,44
Taylor Hall,Washington,16,28,72,86,76,80,65,69,86,83,86,69,78,70,68
Taylor Leier,Pittsburgh,31,26,59,66,68,67,63,70,67,64,64,68,58,35,33
Teemu Hartikainen,Phoenix,8,29,60,66,70,65,60,70,67,61,60,63,58,39,37
Teuvo Teravainen,Anaheim,22,25,66,78,70,80,83,78,80,85,88,72,74,55,53
Thatcher Demko,Winnipeg,23,0,80,82,80,78,74,70,83,80,84,0,0,25,25
Thomas Chabot,Tampa Bay,2,23,72,74,73,83,68,72,75,83,80,73,76,40,43
Thomas Greiss,Minnesota,21,0,82,88,83,79,76,82,86,85,89,0,0,47,41
Thomas Hickey,Montreal,12,31,67,77,72,72,65,70,77,69,64,75,62,62,60
Thomas McCollum,Pittsburgh,35,0,74,76,74,72,70,70,76,68,78,0,0,28,27
Thomas Vanek,Vancouver,71,36,63,74,74,72,68,69,74,72,71,67,70,86,82
Tim Erixon,Detroit,25,29,60,69,72,68,60,69,72,67,63,71,62,40,38
Tim Heed,Colorado,7,29,65,70,73,74,63,75,70,74,76,68,68,41,39
Timo Meier,Ottawa,8,23,76,74,75,78,81,67,73,78,81,70,78,44,42
Tobias Enstrom,Winnipeg,49,35,61,74,67,71,64,69,74,69,66,73,60,78,75
Tobias Lindberg,San Jose,20,24,66,66,74,69,60,66,71,68,65,67,54,35,33
Tobias Rieder,LosAngeles,12,27,69,74,68,74,66,79,74,71,69,69,65,57,55
Tom Kuhnhackl,St. Louis,54,28,73,67,72,73,64,70,70,69,68,72,67,47,45
Tom Wilson,Chicago,48,25,93,70,82,79,69,47,70,75,73,72,77,61,59
Tomas Hertl,Toronto,50,26,72,71,73,80,67,73,73,79,81,70,79,58,61
Tomas Jurco,Buffalo,26,27,66,68,71,72,60,69,69,71,70,71,64,44,42
Tomas Nosek,Colorado,60,27,70,70,73,73,67,70,70,70,70,69,70,46,44
Tomas Tatar,San Jose,9,29,71,76,66,77,81,70,76,79,83,70,76,67,65
Tommy Cross,Columbus,58,30,59,68,64,66,60,70,63,68,64,67,56,37,35
Tommy Wingels,Ottawa,77,31,74,70,69,69,72,66,69,65,62,69,66,63,61
Torey Krug,Nashville,41,28,69,77,64,79,67,71,78,90,89,75,76,64,62
Torrey Mitchell,Islanders,23,35,64,71,66,68,65,66,71,63,60,74,65,74,72
Travis Boyd,Nashville,37,26,65,67,73,72,62,75,70,75,70,68,68,37,35
Travis Dermott,Florida,1,23,72,75,70,76,65,69,75,74,72,73,70,37,35
Travis Hamonic,Minnesota,32,29,74,73,75,79,65,66,73,74,75,75,70,71,69
Travis Konecny,Winnipeg,34,23,71,80,68,77,81,67,79,78,79,70,78,45,43
Travis Sanheim,Boston,42,23,67,72,74,78,67,71,73,75,77,76,73,40,38
Travis Zajac,Pittsburgh,33,34,70,72,72,79,71,72,72,74,72,77,72,88,88
Trevor Carrick,Edmonton,27,25,69,69,69,68,55,45,71,60,62,67,62,35,33
Trevor Daley,Winnipeg,70,36,65,73,70,77,65,70,72,73,71,74,68,88,83
Trevor Lewis,Edmonton,66,33,70,72,70,75,65,72,72,71,70,70,69,77,75
Trevor Moore,New Jersey,26,24,69,67,68,73,63,70,67,69,67,69,70,35,33
Trevor Van Riemsdyk,Boston,10,28,67,72,75,75,68,74,72,74,74,75,66,55,53
Tristian Jarry,Toronto,30,0,84,83,79,77,75,70,82,83,85,0,0,27,26
Troy Brouwer,LosAngeles,40,34,76,68,76,74,65,66,69,69,67,72,69,88,83
Troy Stecher,Chicago,6,25,71,76,71,77,72,70,76,74,73,71,67,48,46
Troy Terry,Minnesota,40,22,65,70,66,76,62,75,70,74,75,67,68,35,33
Tucker Poolman,Anaheim,1,26,69,70,72,76,64,72,70,73,72,67,71,37,35
Tuukka Rask,Carolina,41,0,90,94,88,85,78,86,92,85,95,0,0,49,49
Ty Rattie,Phoenix,20,27,65,69,70,68,62,75,69,66,63,69,64,38,36
Ty Wishart,Phoenix,55,31,59,64,76,68,60,69,64,54,53,70,56,40,38
Tyler Bertuzzi,Dallas,38,25,71,71,72,79,66,68,70,77,75,70,75,42,40
Tyler Bozak,Ottawa,42,34,67,73,71,77,75,74,73,76,75,71,72,82,79
Tyler Ennis,Edmonton,37,30,69,75,64,74,66,71,74,70,71,65,72,72,70
Tyler Gaudet,Dallas,14,26,59,67,71,68,60,70,67,67,63,68,54,35,33
Tyler Johnson,Montreal,18,29,67,78,64,77,79,72,78,74,75,70,76,66,64
Tyler Lewington,Anaheim,29,25,69,68,70,69,56,45,69,68,65,68,69,35,33
Tyler Motte,Washington,7,25,80,69,70,74,65,73,71,68,67,70,70,41,39
Tyler Myers,Pittsburgh,60,30,74,72,82,80,81,68,73,75,77,77,73,75,73
Tyler Pitlick,Ottawa,68,28,75,68,71,75,65,71,68,71,67,70,71,49,47
Tyler Seguin,Edmonton,20,28,71,78,76,82,84,74,78,82,83,71,79,75,78
Tyler Toffoli,St. Louis,74,27,67,74,73,78,83,73,74,75,77,69,76,63,61
Tyrell Goulbourne,Winnipeg,14,26,69,65,70,62,56,68,65,57,58,67,57,35,33
Tyson Barrie,Florida,71,28,67,80,66,81,73,75,79,83,82,71,75,66,64
Tyson Jost,Colorado,22,22,67,75,70,76,67,70,74,73,72,70,71,45,44
Valentin Zykov,Colorado,29,24,68,68,73,73,59,70,68,71,73,61,67,35,33
Valeri Nichushkin,New Jersey,47,25,71,66,69,75,65,78,67,73,72,71,67,46,44
Valtteri Filppula,Edmonton,64,36,65,71,70,77,77,72,71,73,71,73,71,91,86
Viatcheslav Voynov,New Jersey,28,30,65,73,64,69,60,73,72,68,67,72,56,46,44
Victor Ejdsell,Carolina,20,24,65,68,69,68,56,70,64,65,62,63,54,35,33
Victor Hedman,Dallas,19,29,75,76,85,83,71,68,77,89,86,88,79,77,80
Victor Mete,Colorado,26,21,64,75,68,76,65,76,75,74,75,74,65,36,34
Victor Olofsson,Rangers,25,24,63,70,70,78,62,70,71,78,78,68,78,35,33
Victor Rask,Buffalo,52,27,67,66,73,74,65,76,70,72,72,70,69,55,53
Viktor Arvidsson,Rangers,2,26,67,78,68,79,65,69,78,75,77,70,82,51,49
Viktor Svedberg,Calgary,8,28,59,68,73,68,60,70,69,64,55,69,65,36,34
Ville Husso,Carolina,3,0,70,69,69,69,72,75,74,70,68,0,0,28,32
Vince Dunn,Rangers,23,23,67,74,71,76,78,70,74,74,76,74,75,42,40
Vincent Trocheck,Columbus,21,26,80,74,72,80,66,68,74,80,80,70,74,56,54
Vinnie Hinostroza,Vancouver,39,25,68,70,70,76,65,72,72,75,72,69,70,45,43
Vitek Vanecek,Buffalo,23,0,76,76,76,72,73,72,74,74,73,0,0,30,28
Vladimir Sobotka,Montreal,27,32,71,72,67,77,65,66,72,71,69,71,68,67,65
Vladimir Tarasenko,Chicago,91,28,71,79,73,79,65,74,79,81,82,69,80,62,65
Vladislav Gavrikov,Minnesota,41,24,69,68,76,75,81,71,68,72,72,73,71,35,33
Vladislav Kamenev,Toronto,11,23,68,66,73,70,60,68,68,71,72,65,64,35,33
Vladislav Namestnikov,Colorado,91,27,75,73,69,77,77,67,71,74,72,69,73,56,54
Vojtech Mozik,Phoenix,19,27,65,70,68,66,60,66,70,54,51,69,56,35,33
Warren Foegele,Pittsburgh,41,23,71,71,70,74,65,69,71,70,69,67,71,37,35
Wayne Simmonds,Anaheim,32,31,78,66,76,77,76,59,66,73,72,68,73,89,84
Will Butcher,New Jersey,40,25,65,76,68,77,71,78,75,77,78,75,71,42,40
William Carrier,Montreal,1,25,82,66,77,71,65,63,67,68,68,70,68,42,40
William Karlsson,Chicago,40,27,71,76,73,80,79,78,76,79,81,73,78,56,54
William Nylander,Minnesota,3,23,65,77,72,78,68,75,77,79,82,69,77,46,44
Xavier Ouellet,Ottawa,7,26,71,74,70,75,61,69,74,74,72,73,62,42,40
Yakov Trenin,Carolina,24,23,70,70,69,70,60,66,63,70,67,70,67,35,33
Yanni Gourde,Colorado,6,28,72,76,66,77,83,66,76,77,78,76,74,48,46
Yannick Weber,Toronto,14,31,67,75,70,73,65,69,75,70,64,76,66,66,64
Yohann Auvitu,Phoenix,30,30,61,72,65,68,62,70,72,68,70,68,68,40,38
Zac Rinaldo,Philly,2,29,80,71,80,70,62,45,69,67,66,70,68,57,55
Zach Bogosian,Detroit,21,29,72,73,78,78,63,66,73,74,72,76,67,72,70
Zach Boychuk,Tampa Bay,26,30,62,69,65,65,60,75,69,61,61,65,61,44,42
Zach Hyman,Rangers,17,27,74,70,75,79,67,68,71,75,73,71,77,51,49
Zach Parise,Washington,20,35,68,74,67,79,65,72,74,77,78,70,77,86,87
Zach Sanford,Ottawa,22,25,72,70,75,75,65,68,71,74,72,70,73,40,38
Zach Werenski,Tampa Bay,18,22,68,80,74,82,76,79,80,77,80,76,80,45,43
Zach Whitecloud,New Jersey,11,23,68,66,69,69,57,70,68,69,64,64,62,35,33
Zachary Fucale,San Jose,17,0,74,76,73,70,71,67,78,72,73,0,0,26,26
Zack Kassian,Carolina,26,29,80,69,84,76,70,52,69,73,67,75,72,64,62
Zack MacEwen,Colorado,24,23,70,68,72,70,58,49,69,68,66,63,70,35,33
Zack Mitchell,LosAngeles,69,27,64,66,68,66,60,70,66,62,62,66,64,35,33
Zack Smith,Colorado,48,31,77,67,77,76,65,60,67,73,70,71,68,75,73
Zdeno Chara,Dallas,29,43,75,65,88,80,68,66,66,74,73,79,72,99,99
Zemgus Girgensons,Minnesota,28,26,72,70,78,76,71,73,70,70,67,76,69,59,57
