Team,Name,#,Age,POS,IT,SP,ST,EN,DU,DI,SK,PA,PC,DF,SC,EX,LD,OV,Seasons,Played Last Season
Anaheim,Brady Skjei,0,25,D,77,72,76,80,79,69,78,74,75,74,73,49,47,79.0,5,Y
Anaheim,Cam Fowler,4,28,D,67,79,74,82,65,76,79,76,78,77,74,71,69,80.0,10,Y
Anaheim,Brett Pesce,13,25,D,71,72,77,80,66,75,77,74,75,78,71,51,49,79.0,5,Y
Anaheim,Wayne Simmonds,32,31,RW,78,68,76,77,76,59,68,73,72,68,73,89,84,77.0,12,Y
Anaheim,Ivan Provorov,14,23,D,72,77,70,84,84,75,78,75,76,76,77,46,44,80.0,4,Y
Anaheim,Eric Staal,25,35,C,68,76,78,79,81,68,76,79,79,68,78,94,89,81.0,12,Y
Anaheim,Joel Eriksson-Ek,15,23,C,70,69,70,73,71,70,73,69,71,66,71,26,27,73.0,0,N
Anaheim,Eric Fehr,57,34,RW,66,67,75,68,64,69,69,65,62,73,65,75,73,72.0,11,N
Anaheim,Patrick Marleau,16,40,LW,68,78,67,77,81,76,78,73,73,68,73,99,94,78.0,12,Y
Anaheim,Ryan Kesler,72,35,C,71,72,75,73,65,65,72,63,63,71,64,85,81,73.0,11,N
Anaheim,Joakim Lindstrom,45,36,LW,58,75,57,65,60,69,75,62,62,60,60,49,47,67.0,3,N
Anaheim,Erik Johnson,7,32,D,77,75,78,81,67,69,75,74,73,76,71,78,75,80.0,11,Y
Anaheim,Chris Stewart,38,32,RW,74,70,78,70,63,59,72,67,66,67,65,76,74,74.0,11,Y
Anaheim,Phil Kessel,82,32,RW,64,85,68,79,84,74,85,82,82,67,77,90,85,82.0,12,Y
Anaheim,Brent Burns,8,35,D,75,76,85,85,84,69,78,88,87,77,79,89,84,86.0,12,Y
Anaheim,Josh Ho-Sang,17,24,RW,69,72,73,72,66,72,68,70,71,68,69,25,25,73.0,0,N
Anaheim,Jake Guentzel,18,25,C,72,77,71,81,66,71,77,80,83,69,83,45,43,81.0,4,Y
Anaheim,Patrick Kane,88,31,LW,66,88,68,84,84,72,88,88,88,69,85,88,83,86.0,12,Y
Anaheim,Jared Spurgeon,47,30,D,70,79,63,82,68,79,79,77,80,76,79,72,70,81.0,10,Y
Anaheim,Julius Honka,27,24,D,61,71,68,68,63,70,69,68,64,70,60,35,33,70.0,3,N
Anaheim,Kevin Fiala,28,23,LW,67,72,66,77,79,69,72,78,80,70,75,45,43,77.0,6,Y
Anaheim,Mikko Rantanen,30,23,RW,70,77,79,81,66,70,76,85,87,70,82,45,43,83.0,5,Y
Anaheim,Tucker Poolman,1,26,D,69,68,69,76,64,72,68,73,72,67,71,37,35,74.0,2,Y
Anaheim,Philippe Myers,31,23,D,74,72,75,76,63,69,69,72,71,69,70,35,33,75.0,2,Y
Anaheim,Martin Frk,34,26,RW,67,72,69,73,63,73,67,71,72,65,72,39,37,73.0,4,Y
Anaheim,Ryan Spooner,51,28,LW,63,78,65,69,65,75,77,68,67,71,64,51,49,72.0,7,N
Anaheim,Rocco Grimaldi,24,27,C,66,72,66,73,64,74,72,73,73,68,70,42,40,74.0,6,Y
Anaheim,Ryan Hartman,20,25,LW,74,72,74,75,81,60,77,72,70,70,71,49,47,76.0,6,Y
Anaheim,Kurtis Gabriel,12,26,RW,70,69,72,63,60,45,70,63,62,68,63,35,33,69.0,3,N
Anaheim,Clayton Keller,35,21,C,65,79,64,79,84,72,77,79,78,66,74,40,38,77.0,4,Y
Anaheim,Jay Bouwmeester,41,36,D,69,76,73,79,65,72,76,74,71,76,66,92,87,78.0,12,Y
Anaheim,Evgeni Malkin,36,33,C,77,77,78,80,67,64,77,91,90,68,82,82,79,85.0,12,Y
Anaheim,Stefan Matteau,21,26,RW,69,67,74,69,57,66,75,69,68,66,69,35,33,73.0,5,Y
Anaheim,Teuvo Teravainen,22,25,LW,66,77,70,80,83,78,78,85,88,72,74,55,53,81.0,7,Y
Anaheim,Tyler Lewington,29,25,D,69,68,70,69,56,45,69,68,65,68,69,35,33,71.0,2,Y
Anaheim,Valeri Vasiliev,26,25,D,63,66,70,72,72,69,71,64,67,67,63,30,29,70.0,0,N
Anaheim,Luke Kunin,37,22,C,72,68,72,77,64,65,65,73,70,64,72,35,33,74.0,3,Y
Anaheim,Casey Mittelstadt,39,21,C,65,70,73,75,63,75,66,72,70,65,70,35,33,73.0,3,Y
Winnipeg,Erik Cernak,2,22,D,81,66,76,78,66,65,66,73,72,63,71,35,33,74.0,2,Y
Winnipeg,Jacob Larsson,15,22,D,66,66,71,76,65,74,67,74,70,68,64,35,33,72.0,3,Y
Winnipeg,Jason Dickinson,1,24,C,74,69,68,75,65,72,71,72,68,68,68,40,38,73.0,5,Y
Winnipeg,Lias Andersson,16,21,C,71,68,71,72,60,65,67,67,66,65,63,35,33,70.0,3,Y
Winnipeg,Adam Brooks,4,23,C,62,71,66,69,57,70,66,69,69,66,60,35,33,69.0,1,Y
Winnipeg,Jesperi Kotkaniemi,24,19,C,70,75,73,75,65,68,75,71,73,69,71,35,33,75.0,2,Y
Winnipeg,Tobias Enstrom,49,35,D,61,74,67,71,64,69,74,69,66,73,60,78,75,73.0,10,N
Winnipeg,Jaromir Jagr,71,48,RW,60,69,75,69,60,68,69,68,66,62,59,83,79,71.0,7,N
Winnipeg,Trevor Daley,70,36,D,65,76,70,77,65,70,75,73,71,74,68,88,83,77.0,12,Y
Winnipeg,Jori Lehtera,26,32,C,66,74,75,66,64,67,73,63,62,69,61,55,53,71.0,5,N
Winnipeg,Andrew MacWilliam,27,29,D,69,63,69,68,60,62,69,67,67,66,56,37,35,70.0,1,N
Winnipeg,Mitchell Stephens,3,23,C,67,63,68,72,64,70,70,66,63,67,66,35,33,70.0,1,Y
Winnipeg,Nikolay Prokhorkin,10,26,LW,62,73,69,71,64,73,68,72,64,67,65,25,27,71.0,0,N
Winnipeg,Aidan Muir,6,24,LW,72,62,74,72,67,68,61,70,66,68,63,28,27,70.0,0,N
Winnipeg,Boone Jenner,38,26,C,80,72,77,78,76,67,73,74,69,73,72,60,58,78.0,7,Y
Winnipeg,Alec Martinez,58,32,D,72,73,76,80,65,74,73,74,75,75,71,73,71,79.0,11,Y
Winnipeg,Kyle Palmieri,18,29,RW,73,78,68,78,67,68,79,75,76,71,80,66,64,79.0,10,Y
Winnipeg,Eric Cornel,11,23,RW,69,69,72,69,67,70,67,69,66,68,61,29,27,70.0,0,N
Winnipeg,Adrian Kempe,20,23,LW,70,75,71,76,82,67,74,74,75,69,71,43,41,76.0,4,Y
Winnipeg,Brett Pollock,22,24,C,68,69,72,70,70,69,67,67,70,66,65,25,26,71.0,0,N
Winnipeg,Jack Johnson,5,33,D,77,76,73,78,79,70,76,74,70,73,66,87,83,78.0,12,Y
Winnipeg,Alex Wennberg,7,25,C,66,75,73,77,66,76,75,76,74,68,66,55,53,76.0,6,Y
Winnipeg,Scott Laughton,8,25,LW,76,72,72,75,69,66,72,73,70,71,72,49,47,76.0,7,Y
Winnipeg,Luke Glendening,30,30,RW,80,75,71,77,68,70,73,69,67,72,70,65,63,76.0,7,Y
Winnipeg,Ben Thomson,9,27,LW,69,70,74,65,60,51,63,54,56,66,54,35,33,65.0,1,N
Winnipeg,Tyrell Goulbourne,14,26,LW,69,66,70,62,56,68,66,57,58,67,57,35,33,66.0,2,N
Winnipeg,Brandon Hickey,13,23,D,69,69,69,69,69,62,66,69,65,65,67,25,27,71.0,0,N
Winnipeg,Connor Hurley,29,24,C,68,66,70,71,65,70,63,69,70,71,68,25,25,72.0,0,N
Winnipeg,Dylan Sikura,32,24,C,64,73,69,73,59,70,70,74,72,69,64,35,33,73.0,3,Y
Winnipeg,Kevan Miller,12,32,D,73,70,75,72,65,66,70,69,69,76,60,57,55,75.0,6,N
Winnipeg,Ryan Collins,42,23,D,73,63,76,71,65,63,64,69,68,69,64,25,25,72.0,0,N
Winnipeg,Travis Konecny,34,23,LW,71,80,68,77,81,67,80,78,79,70,78,45,43,79.0,4,Y
Winnipeg,Ben Betker,35,25,D,68,69,67,70,68,67,70,63,68,62,62,31,27,69.0,0,N
Winnipeg,Emerson Etem,65,27,LW,62,74,72,63,60,75,72,54,53,71,54,43,41,66.0,5,N
Winnipeg,Jacob De La Rose,19,24,C,73,71,72,73,65,69,76,70,68,68,65,43,41,73.0,6,Y
Winnipeg,Louis-Marc Aubry,21,28,C,63,67,68,73,73,70,70,65,66,64,66,27,27,70.0,0,N
Winnipeg,Sam Reinhart,36,24,RW,67,77,72,80,84,77,77,79,81,66,76,53,51,79.0,6,Y
Winnipeg,Charlie McAvoy,37,22,D,78,76,70,81,65,68,75,79,78,76,73,37,35,79.0,3,Y
Boston,Casey Cizikas,71,29,C,80,76,72,75,65,68,74,70,68,74,73,65,63,77.0,9,Y
Boston,Anton Rodin,6,29,LW,59,74,62,63,60,70,75,68,64,58,54,35,33,67.0,1,N
Boston,Bryan Rust,26,27,LW,74,75,72,79,66,70,74,77,77,72,78,51,49,79.0,6,Y
Boston,Anthony Duclair,16,24,RW,67,72,72,75,66,70,76,73,73,69,76,50,48,77.0,6,Y
Boston,Andrew Shaw,70,28,LW,80,76,73,77,64,61,70,77,77,71,74,64,62,79.0,9,Y
Boston,Drew Shore,25,29,C,63,70,70,66,60,70,70,64,62,67,54,40,38,68.0,5,N
Boston,Sean Couturier,3,27,C,70,77,77,83,82,71,76,82,84,78,79,69,67,83.0,9,Y
Boston,P.E Bellemare,39,35,C,70,72,72,74,73,73,71,71,70,69,68,68,66,75.0,6,Y
Boston,James van Riemsdyk,9,30,LW,65,72,76,77,71,69,72,75,77,68,79,79,76,79.0,11,Y
Boston,Trevor Van Riemsdyk,10,28,D,67,72,75,75,68,74,72,74,74,75,66,55,53,76.0,6,Y
Boston,Radko Gudas,75,29,D,81,66,77,76,69,61,66,74,74,76,68,63,61,78.0,8,Y
Boston,Jamie Oleksiak,21,27,D,78,67,84,75,66,64,71,74,71,76,69,50,48,78.0,8,Y
Boston,Andy Greene,17,37,D,71,73,69,79,78,76,73,74,74,78,68,93,88,78.0,12,Y
Boston,Nick Holden,30,32,D,74,70,75,78,66,74,70,74,74,72,71,67,65,77.0,9,Y
Boston,Blake Wheeler,41,33,RW,74,76,82,82,85,67,76,90,86,72,75,93,88,84.0,12,Y
Boston,Klas Dahlbeck,11,28,D,70,67,74,70,62,68,70,68,63,71,61,44,42,73.0,4,N
Boston,Jimmy Vesey,28,26,RW,69,73,73,76,77,72,73,72,69,70,72,50,48,76.0,4,Y
Boston,Dalton Prout,72,30,D,70,68,79,70,57,60,68,64,60,74,65,51,49,73.0,9,Y
Boston,Mikhail Vorobyov,18,23,C,71,71,70,61,70,69,67,69,67,66,67,26,25,71.0,0,N
Boston,Michael Raffl,48,31,LW,71,72,70,74,67,68,73,72,70,72,70,64,62,75.0,7,Y
Boston,Marco Scandella,27,30,D,70,72,76,78,68,71,72,74,71,76,71,68,66,78.0,10,Y
Boston,Christoffer Ehn,2,23,C,69,65,72,72,65,75,66,66,65,66,64,36,34,70.0,2,Y
Boston,Justin Auger,4,25,RW,63,67,69,62,55,70,68,54,53,63,54,35,33,64.0,1,N
Boston,Travis Sanheim,42,23,D,67,72,74,78,67,71,73,75,77,76,73,40,38,77.0,3,Y
Boston,Brendan Gallagher,12,27,RW,73,78,69,77,76,67,77,75,78,73,80,64,62,80.0,8,Y
Boston,Nick Cousins,1,26,C,73,72,70,75,73,68,73,73,72,69,70,51,49,75.0,6,Y
Boston,Matt Bartkowski,65,31,D,60,72,70,65,57,67,71,58,57,74,69,52,50,71.0,9,N
Buffalo,Jakob Chychrun,2,21,D,73,70,74,80,65,69,70,74,76,76,77,40,38,77.0,4,Y
Buffalo,Andrew Copp,37,25,C,70,70,73,76,71,77,76,73,70,70,71,51,49,76.0,6,Y
Buffalo,Darnell Nurse,6,25,D,80,75,78,82,85,67,75,77,78,75,72,50,48,80.0,6,Y
Buffalo,Adam Larsson,18,27,D,82,74,76,80,65,69,74,73,70,75,67,64,62,79.0,9,Y
Buffalo,Chris Vande Velde,22,33,LW,70,72,70,74,71,68,71,71,71,66,69,30,30,73.0,0,N
Buffalo,Logan Stanley,4,21,D,69,69,77,73,67,71,67,67,64,71,66,25,25,73.0,0,N
Buffalo,Gabriel Bourque,11,29,LW,76,76,70,71,65,74,76,68,67,68,64,59,57,74.0,9,Y
Buffalo,Esa Lindell,7,25,D,74,73,75,82,82,76,76,74,76,77,71,49,47,79.0,5,Y
Buffalo,Keith Aulie,27,30,D,70,67,78,67,60,58,66,59,53,74,56,46,44,71.0,5,N
Buffalo,Sam Gagner,89,30,LW,66,76,65,76,65,69,76,73,74,65,71,80,77,76.0,12,Y
Buffalo,Dylan McIlrath,42,27,D,70,68,76,70,58,49,68,60,59,69,62,37,35,71.0,6,Y
Buffalo,Nico Hischier,5,21,C,70,80,70,79,69,73,79,79,77,70,74,37,35,78.0,3,Y
Buffalo,Luke Schenn,8,30,D,80,70,77,74,63,66,70,72,65,73,64,79,76,77.0,12,Y
Buffalo,Hunter Shinkaruk,34,25,LW,59,74,67,65,60,70,73,64,62,65,54,35,33,67.0,2,N
Buffalo,Tomas Jurco,26,27,LW,66,70,71,72,60,69,71,71,70,71,64,44,42,73.0,6,Y
Buffalo,Marc Methot,38,34,D,66,68,77,69,60,68,70,59,56,74,60,75,73,72.0,11,N
Buffalo,Victor Rask,52,27,C,67,68,73,74,65,76,73,72,72,70,69,55,53,75.0,6,Y
Buffalo,Zack Phillips,14,27,C,68,67,65,69,68,68,66,66,65,64,66,27,26,69.0,0,N
Buffalo,Andrew Cogliano,40,32,RW,69,77,66,74,79,70,77,72,68,70,67,91,86,75.0,12,Y
Buffalo,Kyle Clifford,16,29,LW,77,71,78,72,65,51,71,70,70,69,70,73,71,76.0,10,Y
Buffalo,Taylor Beck,1,28,RW,61,68,73,63,60,69,69,54,53,67,54,40,38,65.0,5,N
Buffalo,Peter Andersson,81,28,D,70,66,71,69,67,65,67,66,65,65,64,28,28,70.0,0,N
Buffalo,Stefan Noesen,65,27,RW,76,70,74,74,65,65,71,69,68,69,70,44,42,74.0,6,Y
Buffalo,Adam Gilmour,3,26,C,64,71,64,74,70,64,71,65,66,64,66,27,27,70.0,0,N
Buffalo,Carl Dahlstrom,41,25,D,66,70,68,76,60,70,71,72,67,68,62,35,33,72.0,3,Y
Buffalo,Jack Connolly,43,30,LW,65,74,63,73,67,70,74,73,71,62,68,27,27,72.0,0,N
Buffalo,Emil Pettersson,21,26,C,63,73,65,74,72,66,72,68,67,64,66,27,27,71.0,0,N
Buffalo,Blake Parlett,36,30,D,58,69,69,70,71,59,65,66,68,70,64,30,29,70.0,0,N
Buffalo,Jake Virtanen,24,23,RW,77,74,69,75,72,65,74,72,71,68,73,45,43,76.0,5,Y
Buffalo,Andreas Englund,35,24,D,70,69,69,70,58,62,70,69,68,67,62,35,33,71.0,4,Y
Buffalo,Haydn Fleury,28,23,D,70,73,69,74,64,75,73,73,72,68,67,36,34,74.0,3,Y
Calgary,Patrick Coulombe,72,34,D,52,66,45,65,65,75,66,68,60,63,46,25,25,63.0,0,N
Calgary,Adam Gaudette,13,23,C,67,70,70,73,64,67,72,74,73,69,71,36,34,74.0,3,Y
Calgary,Chris Lawrence,48,33,RW,64,65,70,66,67,53,64,65,64,49,59,27,27,66.0,0,N
Calgary,Alexander Barabanov,31,25,RW,64,70,64,74,72,66,71,67,66,63,67,27,27,70.0,0,N
Calgary,Colin Shields,29,40,RW,60,60,68,65,65,70,55,58,59,52,64,28,27,64.0,0,N
Calgary,Chase Priskie,15,24,D,67,67,69,70,69,62,69,59,65,69,69,26,27,70.0,0,N
Calgary,Jesse Puljujarvi,17,21,RW,66,71,74,69,65,70,72,65,65,68,65,35,33,71.0,3,N
Calgary,Jean-Michel Daoust,39,36,C,57,66,51,66,63,48,65,68,69,56,64,26,27,66.0,0,N
Calgary,Yegor Korshkov,18,23,RW,69,62,75,61,64,69,68,61,68,66,62,25,25,69.0,0,N
Calgary,Andrew Poturalski,2,26,C,60,69,69,67,60,70,67,54,53,66,54,35,33,64.0,1,N
Calgary,"Jerry D'Amigo",3,29,LW,63,74,69,64,60,70,74,54,53,66,54,37,35,65.0,2,N
Calgary,Chris Wagner,80,28,C,80,72,76,75,76,65,72,67,65,68,70,53,51,75.0,6,Y
Calgary,Nick Petersen,9,30,RW,64,63,70,68,63,61,63,62,60,56,60,25,25,66.0,0,N
Calgary,Evgeny Kurbatov,66,31,D,60,63,64,64,64,66,63,61,60,62,51,26,26,65.0,0,N
Calgary,Nick Lappin,1,27,LW,64,71,71,67,57,69,72,57,56,66,57,37,35,67.0,3,N
Calgary,Viktor Svedberg,8,28,D,59,68,73,68,60,70,69,64,55,69,65,36,34,70.0,1,N
Calgary,Michael Latta,32,28,C,67,69,72,62,60,47,69,61,61,69,59,41,39,68.0,3,N
Calgary,Johan Larsson,26,27,LW,73,72,71,76,72,68,72,71,68,69,67,56,54,74.0,8,Y
Calgary,Casey Nelson,7,27,D,64,70,72,70,63,70,70,69,67,69,63,39,37,72.0,4,N
Calgary,Nolan Patrick,20,21,C,66,74,73,72,69,69,74,70,67,68,68,35,33,73.0,2,N
Calgary,Kyle Wood,22,23,D,72,67,74,70,75,72,69,69,69,66,68,25,25,73.0,0,N
Calgary,Nico Aaltonen,23,31,LW,56,63,58,66,66,68,65,65,62,58,58,25,25,64.0,0,N
Calgary,Dan Spang,47,36,D,60,61,64,64,63,65,59,57,61,60,46,26,25,63.0,0,N
Calgary,Rushan Rafikov,24,24,D,71,69,71,67,69,73,62,68,70,69,70,30,25,72.0,0,N
Calgary,Ben Thomas,25,23,D,70,68,70,70,68,72,70,67,69,68,70,27,26,72.0,0,N
Calgary,Vojtech Polak,30,34,LW,58,65,62,67,65,50,65,63,65,58,60,25,25,65.0,0,N
Calgary,Blake Siebenaler,27,24,D,73,68,73,71,67,62,68,70,68,68,69,27,25,73.0,0,N
Calgary,Bobby Butler,35,32,RW,68,72,69,68,60,73,73,69,68,66,54,47,45,70.0,5,N
Calgary,Mikey Eyssimont,28,23,RW,65,67,68,68,71,71,67,67,69,68,68,29,28,71.0,0,N
Calgary,Daniel Pribyl,11,27,RW,65,67,69,71,73,76,70,66,65,65,66,27,27,70.0,0,N
Calgary,Mike Lundin,74,35,D,57,70,71,68,60,76,70,65,60,69,56,53,51,70.0,5,N
Calgary,Shawn Weller,54,33,LW,65,66,65,62,67,60,67,54,55,59,59,25,25,64.0,0,N
Calgary,Steve Moses,12,30,RW,65,70,70,71,70,70,71,69,69,69,70,28,26,73.0,0,N
Calgary,Mike Vecchione,36,27,C,58,71,70,62,60,70,70,54,55,68,54,35,33,65.0,1,N
Calgary,Radoslav Illo,63,30,C,58,67,62,66,66,67,65,61,61,53,58,27,25,64.0,0,N
Calgary,Kristian Nakyva,14,29,D,69,65,69,65,50,50,50,50,50,50,50,50,50,61.0,0,N
Calgary,Micki Dupont,49,39,D,54,71,55,68,70,68,63,70,62,53,62,35,35,67.0,0,N
Carolina,Artemi Panarin,39,28,LW,66,81,67,82,81,74,80,91,91,70,81,57,55,84.0,5,Y
Carolina,Andre Burakovsky,9,25,RW,67,75,73,74,65,72,75,75,75,67,75,52,50,77.0,6,Y
Carolina,Aaron Ekblad,10,24,D,72,75,76,82,82,69,76,79,79,79,75,55,53,81.0,6,Y
Carolina,Anton Stralman,66,33,D,72,76,71,80,66,74,75,75,74,79,70,84,80,79.0,12,Y
Carolina,Dustin Brown,29,35,RW,75,75,74,81,74,69,76,77,77,71,76,94,89,80.0,12,Y
Carolina,Kristopher Letang,65,32,D,78,80,69,86,68,68,80,85,85,74,82,81,78,85.0,12,Y
Carolina,Patrik Laine,2,21,RW,70,79,74,79,83,71,79,78,80,69,82,44,42,81.0,4,Y
Carolina,Max Pacioretty,73,31,LW,74,77,76,79,67,68,77,78,81,69,80,80,77,81.0,12,Y
Carolina,Michal Kempny,17,29,D,71,78,72,78,65,68,79,74,74,77,70,49,47,78.0,4,Y
Carolina,Jayce Hawryluk,1,24,C,77,66,73,72,63,65,70,72,69,66,71,35,33,74.0,2,Y
Carolina,Matt Calvert,40,30,RW,73,75,70,76,66,65,75,73,69,72,72,67,65,76.0,10,Y
Carolina,Cam Atkinson,25,30,RW,67,84,66,80,65,75,83,76,78,68,82,69,67,80.0,9,Y
Carolina,Zack Kassian,26,29,LW,80,71,84,76,70,52,71,73,67,73,72,64,62,77.0,9,Y
Carolina,Jake Muzzin,12,31,D,78,70,78,80,68,69,71,78,77,77,74,70,68,80.0,9,Y
Carolina,Brett Lernout,6,24,D,69,69,75,69,59,70,60,63,55,67,57,35,33,69.0,3,N
Carolina,Jaden Schwartz,16,27,LW,70,77,70,79,68,75,77,80,82,73,75,63,61,80.0,9,Y
Carolina,Anze Kopitar,32,32,C,71,78,79,84,84,76,78,83,82,78,77,91,86,84.0,12,Y
Carolina,Daniel Audette,7,23,C,70,57,66,69,69,69,71,69,70,63,70,27,25,71.0,0,N
Carolina,Brian Dumoulin,36,28,D,74,74,74,80,65,75,74,74,76,77,68,54,52,78.0,7,Y
Carolina,Joe Hicketts,8,23,D,70,70,62,70,57,70,70,70,69,72,62,35,33,72.0,3,Y
Carolina,Gustav Forsling,11,23,D,65,67,70,71,64,71,66,69,66,70,67,36,34,72.0,3,N
Carolina,Victor Ejdsell,20,24,C,65,70,69,68,56,70,65,65,62,63,54,35,33,67.0,1,N
Carolina,Jordan Greenway,13,23,LW,71,71,73,75,65,66,70,73,68,69,70,37,35,74.0,3,Y
Carolina,Yakov Trenin,24,23,C,70,72,69,70,60,66,64,70,67,70,67,35,33,72.0,1,Y
Carolina,Shane Gersich,18,23,LW,62,67,69,63,56,70,65,69,66,65,54,35,33,67.0,1,N
Carolina,Dominik Kahun,21,24,C,64,65,69,76,70,75,68,75,72,65,72,38,36,74.0,2,Y
Carolina,Johnny Oduya,53,38,D,66,76,67,71,65,72,75,66,57,73,67,85,81,74.0,10,N
Carolina,Igor Ozhiganov,22,27,D,64,70,73,68,65,70,68,66,62,70,66,37,35,71.0,1,N
Carolina,Nicholas Baptiste,19,24,RW,60,72,71,66,62,66,72,61,60,70,65,35,33,69.0,2,N
Carolina,Matt Luff,23,22,RW,66,68,69,72,61,70,70,71,69,64,69,35,33,72.0,2,Y
Carolina,Brad Richardson,28,35,C,71,75,64,76,67,67,75,69,67,72,71,80,77,75.0,12,Y
Carolina,Roland McKeown,35,24,D,64,67,70,67,57,47,69,68,69,71,56,35,33,71.0,1,N
Carolina,Jack Eichel,27,23,C,70,78,76,83,71,72,77,84,86,69,83,49,47,83.0,5,Y
Carolina,Dylan Larkin,15,23,C,74,84,73,83,81,68,84,82,82,71,77,51,49,82.0,5,Y
Carolina,Jason Chimera,33,40,RW,68,73,73,68,70,64,73,67,65,68,60,90,85,72.0,10,N
Carolina,Christian Dvorak,45,24,LW,68,75,69,78,65,75,74,75,74,70,74,43,41,76.0,4,Y
Carolina,Daniel Brickley,42,24,D,62,72,72,65,56,70,71,66,66,68,59,35,33,71.0,2,N
Carolina,Mackenzie MacEachern,30,26,LW,72,69,71,70,64,62,68,65,64,66,70,36,34,71.0,2,Y
Carolina,Jonny Brodzinski,5,26,RW,68,66,71,70,59,70,67,70,70,66,66,36,34,72.0,4,Y
Chicago,Jean-Gabriel Pageau,44,27,C,77,77,68,79,65,70,76,73,72,71,75,58,56,78.0,8,Y
Chicago,Alexander Radulov,47,33,LW,74,81,75,80,70,66,81,80,82,69,78,58,56,81.0,5,Y
Chicago,Brady Tkachuk,16,20,LW,81,72,75,79,75,60,72,76,76,68,76,35,33,78.0,2,Y
Chicago,Cody Ceci,5,26,D,74,71,77,81,70,77,73,74,74,74,69,59,57,78.0,7,Y
Chicago,Matt Duchene,12,29,RW,68,84,70,79,76,76,84,80,79,70,78,79,76,81.0,11,Y
Chicago,Bryan Little,10,32,RW,67,74,69,77,65,72,74,76,73,73,73,83,79,78.0,12,Y
Chicago,Matt Niskanen,13,33,D,76,74,72,81,73,69,73,76,78,79,73,88,83,80.0,12,Y
Chicago,Jussi Jokinen,49,36,RW,61,72,64,68,65,69,73,68,70,64,63,84,80,72.0,10,N
Chicago,Magnus Paajarvi,19,28,LW,66,76,70,71,80,76,76,65,64,66,67,60,58,73.0,9,N
Chicago,Alexander Semin,30,36,RW,60,74,70,67,60,65,76,66,67,65,59,68,66,71.0,8,N
Chicago,Troy Stecher,6,25,D,71,76,71,77,72,70,76,74,73,71,67,48,46,76.0,4,Y
Chicago,Sidney Crosby,87,32,C,71,85,71,82,66,69,85,90,90,71,81,82,79,85.0,12,Y
Chicago,Patrick Eaves,7,35,RW,66,73,65,67,56,70,74,57,56,72,57,69,67,68.0,11,N
Chicago,Bo Horvat,33,24,C,70,75,76,82,72,74,73,79,79,72,78,55,53,80.0,6,Y
Chicago,Evgeny Dadonov,74,31,LW,67,77,70,79,78,78,77,79,81,71,79,50,48,80.0,3,Y
Chicago,Vladimir Tarasenko,91,28,RW,71,81,73,79,65,74,81,81,82,69,80,62,60,82.0,8,Y
Chicago,Alex Kerfoot,36,25,LW,67,77,69,76,76,68,76,76,75,71,72,44,42,77.0,3,Y
Chicago,Darren Dietz,11,26,D,69,66,69,67,60,61,65,68,68,69,65,35,33,71.0,1,N
Chicago,William Karlsson,40,27,C,71,78,73,80,79,78,78,79,81,73,78,56,54,81.0,6,Y
Chicago,Phil Di Giuseppe,18,26,LW,72,70,70,67,70,68,68,67,69,67,68,31,29,72.0,0,N
Chicago,Matt Beleskey,39,31,RW,68,70,72,63,57,61,70,57,56,67,65,65,63,69.0,11,N
Chicago,Max McCormick,15,27,C,65,70,67,63,60,49,70,58,57,68,63,38,36,67.0,4,N
Chicago,Mark Pysyk,37,28,D,72,72,72,76,69,73,73,74,71,73,69,57,55,76.0,8,Y
Chicago,Dmitry Kulikov,20,29,D,74,76,73,77,65,68,76,74,69,76,65,74,72,78.0,11,Y
Chicago,Tom Parisi,17,26,D,68,67,69,68,66,70,66,68,65,69,64,28,28,71.0,0,N
Chicago,Duncan Siemens,8,26,D,69,70,68,67,59,55,69,64,55,69,65,35,33,70.0,3,N
Chicago,Ryan McDonagh,14,30,D,74,77,78,81,66,73,77,79,76,81,69,74,72,81.0,10,Y
Chicago,Braydon Coburn,60,35,D,70,72,82,75,65,67,72,73,70,76,67,88,83,78.0,12,Y
Chicago,Tom Wilson,48,25,RW,93,71,82,79,69,47,72,75,73,72,77,61,59,80.0,7,Y
Chicago,Matt Hunwick,40,34,D,62,74,70,69,61,71,74,68,66,73,61,71,69,73.0,11,N
Chicago,Yaroslav Kosov,4,26,LW,70,68,70,70,68,68,68,66,67,69,68,31,29,72.0,0,N
Chicago,Jayson Megna,67,30,RW,68,73,71,68,56,70,73,60,59,69,60,43,41,69.0,6,Y
Colorado,Tomas Nosek,60,27,LW,70,72,73,73,67,70,72,70,70,69,70,46,44,74.0,5,Y
Colorado,Jakob Silfverberg,15,29,RW,68,77,71,79,73,73,77,74,74,73,77,67,65,79.0,8,Y
Colorado,Erik Gudbranson,84,28,D,79,72,78,77,65,62,72,72,66,76,68,63,61,78.0,9,Y
Colorado,Victor Mete,26,21,D,64,75,64,76,65,76,75,74,75,74,65,36,34,75.0,3,Y
Colorado,Colin Miller,63,27,D,74,73,73,77,66,67,73,77,80,75,68,51,49,78.0,5,Y
Colorado,Justin Braun,61,33,D,73,72,77,78,75,72,73,75,72,77,67,77,75,79.0,10,Y
Colorado,Louie Belpedio,2,23,D,61,67,70,65,55,70,70,57,56,71,59,35,33,68.0,2,N
Colorado,Rinat Valiev,33,24,D,63,69,70,65,55,70,66,54,55,69,56,35,33,67.0,2,N
Colorado,Anthony Cirelli,10,22,C,73,65,72,78,65,69,70,76,74,66,74,37,35,76.0,3,Y
Colorado,Nick Schmaltz,23,24,C,67,75,71,78,65,76,73,80,79,68,72,43,41,77.0,4,Y
Colorado,Robby Fabbri,32,24,C,68,72,71,76,65,70,74,73,71,69,72,41,39,75.0,4,Y
Colorado,Ryan Graves,17,24,D,75,70,69,77,65,68,69,73,72,71,74,36,34,75.0,2,Y
Colorado,Conor Garland,1,24,RW,66,73,63,75,65,71,74,72,74,69,76,36,34,75.0,2,Y
Colorado,Erik Gustafsson,30,28,D,59,75,71,69,60,75,75,67,68,75,64,42,40,73.0,4,N
Colorado,Filip Chytil,12,20,C,65,69,73,75,65,75,66,72,72,63,72,35,33,73.0,3,Y
Colorado,Vladislav Namestnikov,91,27,RW,75,76,69,77,77,67,74,74,72,69,73,56,54,77.0,7,Y
Colorado,Tim Heed,7,29,D,65,70,73,74,63,75,70,74,76,68,68,41,39,75.0,4,Y
Colorado,Dominik Simon,11,25,C,70,75,69,75,65,72,73,74,74,69,69,41,39,75.0,5,Y
Colorado,Pontus Aberg,79,26,RW,65,71,70,74,63,72,72,73,73,70,68,40,38,74.0,4,Y
Colorado,Zack Smith,48,31,LW,77,69,77,76,65,60,69,73,70,71,68,75,73,76.0,12,Y
Colorado,Yanni Gourde,6,28,LW,72,78,66,77,83,66,78,77,78,76,74,48,46,79.0,5,Y
Colorado,Maxim Letunov,34,24,LW,65,57,65,69,56,70,59,60,62,55,69,35,33,66.0,1,Y
Colorado,Christian Djoos,4,25,D,64,69,71,75,63,75,74,74,74,73,68,38,36,75.0,3,Y
Colorado,Robert Hagg,8,25,D,81,71,72,76,66,67,74,74,72,73,70,42,40,77.0,4,Y
Colorado,Dean Kukan,3,26,D,66,70,70,75,61,71,70,74,73,71,64,37,35,74.0,4,Y
Colorado,Anthony Angello,13,24,C,69,71,71,66,57,60,65,60,59,71,69,35,33,70.0,1,Y
Colorado,Filip Hronek,14,22,D,73,70,70,81,65,69,70,77,78,64,74,35,33,76.0,2,Y
Colorado,Brendan Lemieux,28,24,LW,81,72,71,72,64,45,69,70,69,68,71,37,35,74.0,3,Y
Colorado,Oskar Lindblom,18,23,LW,69,72,69,76,64,75,69,73,74,64,74,36,34,75.0,3,Y
Colorado,Colton Sissons,40,26,RW,73,72,73,77,70,69,74,72,69,70,71,51,49,76.0,6,Y
Colorado,Michael Rasmussen,16,20,RW,66,68,75,69,65,67,68,67,66,68,66,35,33,71.0,1,N
Colorado,Tyson Jost,22,22,LW,67,77,70,75,67,70,76,73,72,68,71,38,36,75.0,4,Y
Colorado,Oliver Ekman-Larsson,20,28,D,76,81,71,83,81,69,81,77,77,75,77,75,73,82.0,10,Y
Colorado,Zack MacEwen,24,23,RW,70,68,71,70,58,49,65,68,66,63,70,35,33,71.0,2,Y
Colorado,Valentin Zykov,29,24,LW,68,70,73,73,59,70,70,71,73,61,67,35,33,73.0,4,Y
Dallas,Brendan Smith,23,31,LW,77,73,74,74,65,62,72,73,67,74,69,64,62,76.0,9,Y
Dallas,Adam Lowry,37,26,C,80,71,75,76,65,67,73,71,70,74,69,55,53,76.0,6,Y
Dallas,Sam Bennett,8,23,C,77,72,71,75,67,63,76,70,72,69,71,49,47,76.0,6,Y
Dallas,Riley Nash,59,30,RW,71,73,71,73,73,73,73,72,69,72,67,68,66,75.0,9,Y
Dallas,Nathan Oystrick,12,37,D,62,65,70,66,60,62,67,67,68,64,67,48,46,70.0,3,N
Dallas,Austin Watson,53,28,LW,83,70,74,74,65,55,70,70,68,70,71,51,49,75.0,6,Y
Dallas,Tyler Gaudet,14,26,LW,59,69,71,68,60,70,69,67,63,68,54,35,33,68.0,3,N
Dallas,Michael Ferland,27,27,RW,77,72,75,75,65,65,72,75,75,68,72,52,50,77.0,6,Y
Dallas,Grayson Downing,1,27,LW,64,66,66,74,71,67,68,67,69,67,68,27,27,71.0,0,N
Dallas,Marcus Sorensen,44,27,LW,68,70,73,74,65,70,73,71,69,67,71,45,43,74.0,4,Y
Dallas,Ryan Suter,35,35,D,69,73,78,86,81,72,72,85,81,83,73,93,88,83.0,12,Y
Dallas,Ryan Reaves,22,33,RW,85,70,81,71,82,45,71,69,70,76,68,76,74,77.0,10,Y
Dallas,Dillon Heatherington,20,24,D,62,70,68,64,56,45,70,66,66,66,59,35,33,69.0,2,N
Dallas,Christian Thomas,60,27,RW,59,72,65,63,60,67,68,68,69,68,54,35,33,68.0,4,N
Dallas,Milan Lucic,33,31,LW,82,67,84,75,81,60,68,73,74,69,69,87,83,78.0,12,Y
Dallas,Zdeno Chara,29,43,D,75,65,88,80,68,66,66,74,73,80,72,99,94,81.0,12,Y
Dallas,Kalle Kossila,11,26,RW,61,69,68,64,57,70,70,57,55,64,64,35,33,67.0,3,N
Dallas,Lawson Crouse,9,22,RW,81,72,76,74,65,64,71,71,69,70,72,41,39,76.0,4,Y
Dallas,Nazem Kadri,46,29,C,73,80,72,78,67,65,80,77,78,70,77,70,68,80.0,11,Y
Dallas,Brent Seabrook,15,34,D,74,70,81,78,65,71,70,72,74,79,72,91,86,80.0,12,Y
Dallas,Shea Weber,63,34,D,77,74,83,81,65,69,74,76,79,85,81,88,83,84.0,12,Y
Dallas,Tyler Bertuzzi,38,25,LW,71,74,72,79,66,68,73,77,75,70,75,42,40,77.0,4,Y
Dallas,Roman Polak,69,33,D,79,70,80,77,65,66,70,73,68,76,63,84,80,78.0,12,Y
Dallas,Niklas Tikkinen,4,25,D,68,63,66,68,69,61,67,60,65,71,70,26,25,70.0,0,N
Dallas,"Ryan O'Reilly",61,29,C,70,78,72,82,85,80,76,83,84,73,75,80,77,82.0,11,Y
Dallas,Cedric Paquette,32,26,LW,83,72,73,73,66,60,72,68,66,70,70,54,52,75.0,7,Y
Dallas,Victor Hedman,19,29,D,73,76,85,83,71,68,77,89,86,86,79,77,75,86.0,11,Y
Dallas,Mason Raymond,26,34,LW,58,79,65,63,60,71,80,54,53,68,54,69,67,67.0,9,N
Dallas,Tyler Ganly,5,25,D,65,67,67,70,71,71,63,63,64,62,68,25,26,69.0,0,N
Detroit,Ian Cole,24,31,D,78,72,76,77,68,64,73,75,75,76,69,68,66,79.0,10,Y
Detroit,Michael Dal Colle,5,23,LW,68,63,70,73,62,75,66,69,69,64,67,35,33,71.0,3,Y
Detroit,Keaton Ellerby,19,31,D,60,68,72,68,60,69,68,69,69,70,56,50,48,71.0,6,N
Detroit,Nick Spaling,8,31,RW,66,70,67,68,60,72,70,65,63,70,59,62,60,70.0,7,N
Detroit,Zach Bogosian,21,29,D,72,73,78,78,63,66,73,74,72,76,67,72,70,78.0,12,Y
Detroit,Evan Rodrigues,2,26,C,66,73,69,75,65,71,73,72,71,67,71,44,42,74.0,5,Y
Detroit,Nikolai Kulemin,45,33,RW,67,71,73,67,58,73,71,65,63,69,61,78,75,71.0,10,N
Detroit,Simon Fernholm,6,25,D,68,66,77,70,65,69,65,62,62,69,61,25,25,71.0,0,N
Detroit,Austin Madaisky,56,28,D,69,65,66,68,67,65,67,64,65,65,65,27,27,69.0,0,N
Detroit,Brett Howden,13,21,C,71,65,73,75,70,70,67,72,70,63,69,35,33,73.0,2,Y
Detroit,Miro Heiskanen,14,20,D,67,67,72,81,82,75,67,76,79,65,75,35,33,76.0,2,Y
Detroit,Dennis Rasmussen,40,29,LW,64,67,71,64,61,73,67,64,63,70,59,44,42,69.0,3,N
Detroit,Ales Hemsky,84,36,RW,63,74,65,64,57,70,73,54,52,65,54,72,70,66.0,10,N
Detroit,Jiri Tlusty,26,32,RW,63,70,70,68,60,71,70,59,56,67,59,60,58,68.0,8,N
Detroit,Matt Finn,53,26,D,69,68,71,70,70,70,69,68,68,69,67,27,27,72.0,0,N
Detroit,Tim Erixon,25,29,D,60,69,72,68,60,69,72,67,63,71,62,40,38,71.0,4,N
Detroit,Jordan Weal,69,27,C,66,73,68,75,65,72,74,72,74,69,71,46,44,75.0,5,Y
Detroit,Anthony Louis,12,25,C,64,66,68,73,73,74,71,64,65,64,66,25,25,70.0,0,N
Detroit,Chris Bigras,3,25,D,60,68,69,68,59,69,70,64,57,66,57,35,33,68.0,2,N
Detroit,Gustav Olofsson,4,25,RW,67,69,69,71,60,70,71,66,66,69,62,35,33,70.0,4,Y
Detroit,Jean-Sebastien Dea,7,26,C,68,68,68,70,57,66,72,64,61,66,66,35,33,70.0,4,Y
Detroit,Nathan Walker,11,26,LW,69,67,68,69,56,61,71,69,69,66,69,35,33,72.0,3,Y
Edmonton,Aleksander Barkov,4,24,C,70,78,78,83,79,78,77,86,85,77,79,57,55,84.0,7,Y
Edmonton,Cameron Gaunce,26,30,D,69,67,74,69,56,55,65,69,69,67,69,38,36,72.0,5,Y
Edmonton,Niklas Hansson,5,25,D,71,77,69,73,70,68,71,67,68,64,60,27,25,71.0,0,N
Edmonton,Brad Marchand,67,31,LW,73,81,69,81,73,63,80,92,92,76,83,80,77,86.0,11,Y
Edmonton,Connor McDavid,97,23,C,71,90,70,85,77,75,91,95,93,70,88,47,45,88.0,5,Y
Edmonton,Duncan Keith,12,36,D,70,77,74,83,77,72,78,79,76,83,69,94,89,82.0,12,Y
Edmonton,Anthony Mantha,14,25,RW,71,75,79,79,65,67,76,78,80,69,79,46,44,80.0,5,Y
Edmonton,Mike Hoffman,73,30,LW,67,84,71,79,84,70,83,79,82,66,81,64,62,81.0,9,Y
Edmonton,Carson Soucy,6,25,D,70,67,71,75,62,70,68,74,71,67,74,35,33,74.0,2,Y
Edmonton,Nikita Zaitsev,8,28,D,75,74,74,80,66,73,74,74,71,76,66,51,49,78.0,4,Y
Edmonton,Colton Parayko,30,26,D,74,71,82,81,78,76,73,75,78,81,74,54,52,81.0,5,Y
Edmonton,Rickard Rakell,68,26,C,71,75,73,80,70,76,75,78,77,71,76,58,56,79.0,8,Y
Edmonton,Ryan Strome,11,26,RW,69,76,70,79,84,68,75,77,76,69,74,60,58,78.0,7,Y
Edmonton,Spencer Smallman,2,23,RW,68,68,69,72,66,67,66,69,70,67,69,73,28,73.0,0,N
Edmonton,Anthony Richard,3,23,C,62,69,66,65,55,70,71,60,60,65,60,35,33,67.0,2,Y
Edmonton,Tyler Seguin,20,28,RW,71,80,76,82,84,74,80,82,83,71,79,75,73,83.0,10,Y
Edmonton,Mathieu Joseph,9,23,RW,72,70,69,73,65,68,66,70,69,66,70,35,33,73.0,2,Y
Edmonton,Matt Dumba,15,25,D,73,78,77,82,65,69,77,77,80,77,76,54,52,81.0,7,Y
Edmonton,John Carlson,10,30,D,72,77,79,84,82,75,77,92,89,78,80,78,75,86.0,11,Y
Edmonton,Nikita Zadorov,52,24,D,85,70,76,77,70,63,71,74,70,74,72,50,48,78.0,7,Y
Edmonton,Joshua Jacobs,13,24,D,67,72,70,73,67,65,72,65,65,70,60,25,25,71.0,0,N
Edmonton,Adam Erne,17,24,LW,76,70,74,72,65,65,70,68,65,71,66,40,38,73.0,4,Y
Edmonton,Matthew Highmore,18,24,C,68,67,69,71,61,70,67,67,66,64,65,35,33,70.0,2,Y
Edmonton,Dan Hamhuis,22,37,D,69,70,72,76,66,69,70,74,71,77,63,90,85,77.0,12,Y
Edmonton,David Backes,48,35,RW,77,67,80,74,65,61,66,73,75,73,69,89,84,77.0,12,Y
Edmonton,Valtteri Filppula,64,36,C,65,74,70,77,77,72,74,73,71,73,71,91,86,77.0,12,Y
Edmonton,Nikolaj Ehlers,28,24,LW,66,78,72,77,73,70,78,78,80,71,79,50,48,80.0,5,Y
Edmonton,Trevor Carrick,27,25,D,69,69,69,68,55,45,71,60,62,67,62,35,33,69.0,4,Y
Edmonton,Tyler Ennis,37,30,LW,69,80,58,74,66,71,81,73,75,65,72,72,70,76.0,11,Y
Edmonton,Trevor Lewis,66,33,C,70,75,70,75,65,72,75,71,70,70,69,77,75,76.0,12,Y
Edmonton,Logan Shaw,42,27,RW,68,69,75,70,65,74,72,68,66,69,66,46,44,73.0,4,Y
Florida,Kyle Okposo,21,31,RW,70,76,76,76,68,68,76,74,72,67,72,82,79,78.0,12,Y
Florida,Sam Steel,5,22,C,65,68,70,77,64,71,70,73,74,63,70,35,33,73.0,2,Y
Florida,Travis Dermott,1,23,D,72,75,68,76,65,69,75,74,72,73,70,37,35,76.0,3,Y
Florida,Brayden Point,4,24,C,66,79,68,80,79,75,78,83,85,76,83,46,44,82.0,4,Y
Florida,Chris Terry,18,30,LW,59,74,68,64,60,72,73,64,64,63,64,46,44,69.0,5,N
Florida,Mark Giordano,22,36,D,76,76,74,83,74,67,76,83,85,78,78,91,86,84.0,12,Y
Florida,Anthony Peluso,74,30,RW,67,67,76,59,56,45,68,57,56,59,57,45,43,66.0,6,N
Florida,Henrik Zetterberg,48,39,C,64,73,67,77,85,72,73,77,77,70,67,88,83,77.0,10,N
Florida,Claude Giroux,31,32,RW,66,82,71,82,84,70,82,87,87,73,77,88,83,84.0,12,Y
Florida,Brandon Dubinsky,32,33,C,73,74,74,70,65,62,74,67,64,72,65,81,78,74.0,11,N
Florida,Alexander Steen,56,36,LW,69,74,73,77,66,69,75,74,74,72,71,87,83,78.0,12,Y
Florida,Joshua Bailey,44,30,LW,66,77,71,78,79,74,77,81,77,71,73,85,81,79.0,12,Y
Florida,Tyson Barrie,71,28,D,67,80,66,81,73,75,79,86,84,69,77,66,64,82.0,9,Y
Florida,Matt Puempel,73,27,LW,60,65,69,65,57,68,69,57,56,70,63,37,35,67.0,4,N
Florida,David Perron,62,31,RW,72,77,71,79,67,66,77,81,83,69,79,82,79,81.0,12,Y
Florida,Alex Lintuniemi,2,24,D,71,61,74,71,72,66,67,59,71,67,65,27,25,71.0,0,N
Florida,Marc Staal,29,33,D,72,70,79,77,67,70,70,74,71,78,66,85,81,79.0,12,Y
Florida,P.K. Subban,76,30,D,74,79,74,81,71,65,79,77,78,77,76,77,75,81.0,11,Y
Florida,Leo Komarov,47,33,LW,79,70,76,75,67,69,71,73,71,73,67,65,63,76.0,7,Y
Florida,Chase De Leo,12,24,C,65,70,65,69,55,70,66,60,60,60,60,35,33,66.0,3,Y
Florida,James Neal,33,32,RW,69,71,76,77,65,67,71,73,75,70,75,85,81,78.0,12,Y
Florida,Radek Faksa,6,26,RW,74,72,77,77,79,67,74,71,70,72,72,51,49,77.0,5,Y
Florida,Andrej Sekera,46,33,D,67,76,74,77,64,77,75,73,70,75,64,81,78,77.0,12,Y
Florida,Joel Edmundson,82,26,D,78,70,77,78,67,64,69,74,74,75,70,52,50,78.0,5,Y
Florida,Carl Soderberg,23,34,LW,72,76,73,78,81,70,75,75,72,74,75,73,71,79.0,8,Y
Florida,Matt Grzelcyk,11,26,D,70,70,73,77,66,67,71,74,76,69,69,43,41,75.0,4,Y
Florida,Leon Draisaitl,30,24,C,70,77,77,84,83,73,79,89,87,70,90,54,52,86.0,6,Y
Florida,Nick Paul,13,25,LW,75,68,74,74,62,69,70,70,66,67,69,37,35,73.0,5,Y
LosAngeles,Iiro Pakarinen,64,28,RW,67,72,70,66,63,75,70,58,54,67,60,42,40,68.0,4,N
LosAngeles,Madison Bowey,33,24,D,71,68,75,76,65,66,68,74,75,72,67,39,37,75.0,3,Y
LosAngeles,Troy Brouwer,40,34,RW,76,70,76,74,65,66,71,69,67,72,69,88,83,76.0,12,Y
LosAngeles,Nick Sorensen,0,25,RW,58,66,71,65,60,67,69,66,63,63,54,35,33,67.0,1,N
LosAngeles,Richard Panik,70,29,RW,75,76,72,76,68,66,75,74,73,68,72,61,59,77.0,8,Y
LosAngeles,Austin Czarnik,27,27,RW,65,73,69,73,61,75,74,72,74,69,70,39,37,74.0,4,Y
LosAngeles,Guillaume Gelinas,6,26,D,64,69,63,67,60,65,69,66,70,65,66,27,27,70.0,0,N
LosAngeles,Anton Slepyshev,10,25,LW,65,71,69,68,64,75,73,65,65,70,65,37,35,71.0,3,N
LosAngeles,Andrej Sustr,11,29,D,63,67,77,66,61,69,72,60,59,74,61,53,51,72.0,7,N
LosAngeles,Brett Connolly,34,27,RW,67,71,70,75,75,67,72,74,74,71,75,61,59,77.0,9,Y
LosAngeles,Brayden McNabb,80,29,D,82,70,78,79,81,66,71,74,71,77,68,61,59,79.0,8,Y
LosAngeles,Tobias Rieder,12,27,LW,69,77,68,74,66,79,77,71,69,69,65,57,55,74.0,6,Y
LosAngeles,Artur Gavrus,4,26,C,69,67,64,67,65,68,63,66,62,65,67,29,30,69.0,0,N
LosAngeles,Brendan Perlini,7,23,LW,67,72,75,73,65,69,72,69,69,68,70,42,40,74.0,4,Y
LosAngeles,Connor Brickley,86,28,C,69,71,72,65,61,65,70,67,65,67,63,38,36,71.0,3,N
LosAngeles,Colin Smith,14,26,C,59,68,69,60,60,70,68,54,53,66,54,35,33,64.0,1,N
LosAngeles,Marek Hrivik,43,28,RW,63,68,68,63,56,70,65,54,51,65,54,36,34,63.0,3,N
LosAngeles,Cody Payne,5,26,C,69,66,68,68,66,69,65,64,66,64,65,26,26,69.0,0,N
LosAngeles,Noah Juulsen,3,22,D,71,66,72,69,60,70,68,67,64,63,64,35,33,71.0,2,N
LosAngeles,Bill Arnold,13,27,C,59,66,64,68,60,70,66,54,53,65,54,35,33,63.0,1,N
LosAngeles,Justin Bailey,2,24,RW,69,69,71,67,57,70,73,64,63,68,62,35,33,70.0,5,Y
LosAngeles,Michael Grabner,54,32,RW,68,78,67,75,65,76,78,68,67,69,74,75,73,76.0,11,Y
LosAngeles,Connor Clifton,1,24,D,74,74,67,74,61,68,72,63,61,65,67,35,33,71.0,2,Y
LosAngeles,Nathan Beaulieu,16,27,D,71,76,75,75,64,66,76,74,72,74,67,53,51,77.0,8,Y
LosAngeles,Patrik Berglund,18,31,C,67,75,75,70,63,70,75,65,63,71,66,78,75,73.0,11,N
LosAngeles,Brandon Alderson,49,28,RW,64,64,68,69,66,66,65,67,67,67,66,27,25,70.0,0,N
LosAngeles,Emil Galimov,48,27,LW,69,69,69,69,67,70,67,69,71,70,70,28,27,73.0,0,N
LosAngeles,Graham Black,50,27,C,66,66,68,64,65,69,66,64,66,66,67,25,25,69.0,0,N
LosAngeles,Jordan Oesterle,22,27,D,69,70,70,77,65,78,71,74,76,76,71,46,44,76.0,6,Y
LosAngeles,Jonathan Racine,63,26,D,69,69,71,68,60,50,69,54,53,68,56,35,33,68.0,1,N
LosAngeles,Nathan Gerbe,51,32,LW,70,79,55,70,59,68,79,70,67,63,70,63,61,73.0,10,Y
LosAngeles,Mike Aviani,44,26,C,60,66,65,67,67,69,69,68,68,66,66,27,27,70.0,0,N
LosAngeles,Kyle Beach,25,30,LW,74,68,74,70,65,45,70,70,66,60,71,25,25,72.0,0,N
LosAngeles,Zack Mitchell,69,27,RW,64,68,68,66,60,70,68,62,62,66,64,35,33,68.0,2,N
LosAngeles,Jeff Skinner,62,27,LW,68,80,70,79,76,69,82,74,76,68,79,74,72,80.0,10,Y
LosAngeles,Dylan Olsen,31,29,D,59,70,73,67,60,72,69,67,64,71,56,42,40,71.0,4,N
LosAngeles,"Liam O'Brien",87,25,LW,69,67,71,61,56,45,69,54,53,69,54,35,33,65.0,3,N
LosAngeles,Jordan Schroeder,19,29,RW,60,74,68,62,60,76,73,59,56,70,59,45,43,68.0,6,N
LosAngeles,Joey Hishon,42,28,C,59,75,63,64,60,70,71,60,59,67,60,36,34,67.0,1,N
LosAngeles,Neal Pionk,46,24,D,76,71,69,81,65,71,73,81,83,72,72,40,38,79.0,3,Y
LosAngeles,David Musil,88,26,D,66,66,70,69,60,69,67,69,69,66,56,35,33,70.0,1,N
LosAngeles,Andrei Pedan,66,27,D,71,66,72,66,68,67,68,67,68,67,64,28,28,71.0,0,N
Montreal,Dmitrij Jaskin,26,26,RW,71,71,74,68,65,70,71,67,66,74,63,49,47,73.0,7,N
Montreal,Corey Perry,63,34,RW,72,73,77,76,65,62,73,75,74,73,70,89,84,78.0,12,Y
Montreal,Jimmy Schuldt,8,24,D,57,68,69,69,55,70,67,69,69,70,58,35,33,70.0,1,N
Montreal,Zachary Aston-Reese,43,25,C,69,70,71,73,70,64,71,69,69,70,71,27,29,73.0,0,N
Montreal,Loui Eriksson,28,34,LW,64,77,72,75,65,78,78,72,69,66,71,89,84,76.0,12,Y
Montreal,Cody Franson,35,32,D,62,70,75,70,60,71,70,69,70,74,62,70,68,74.0,9,N
Montreal,Jason Pominville,52,37,RW,61,75,68,71,76,78,74,69,69,70,69,90,85,75.0,11,N
Montreal,Artem Anisimov,53,31,C,65,76,73,77,66,73,76,72,71,70,74,80,77,77.0,12,Y
Montreal,Andreas Borgman,39,24,D,73,69,71,69,64,66,70,69,70,71,66,35,33,73.0,1,N
Montreal,William Carrier,1,25,LW,82,68,77,71,65,63,69,68,68,70,68,42,40,74.0,4,Y
Montreal,Nick Bonino,38,31,C,70,75,72,77,74,73,75,73,69,72,74,73,71,77.0,11,Y
Montreal,Thomas Hickey,12,31,D,67,77,72,72,65,70,77,69,64,75,62,62,60,75.0,7,N
Montreal,Connor Murphy,41,26,D,77,72,74,78,65,69,70,74,73,70,71,57,55,76.0,7,Y
Montreal,Alex Chiasson,29,29,LW,70,72,76,76,67,66,73,73,75,69,74,65,63,77.0,8,Y
Montreal,Christian Folin,25,29,D,78,68,76,75,64,68,71,72,67,74,66,48,46,76.0,7,Y
Montreal,Tanner Pearson,36,27,LW,71,75,73,77,82,72,74,73,72,71,74,59,57,77.0,7,Y
Montreal,Alex Goligoski,67,34,D,71,75,68,81,77,75,74,77,77,74,70,90,85,79.0,12,Y
Montreal,Michael McCarron,31,25,RW,69,68,79,64,59,45,69,59,59,70,55,35,33,67.0,3,N
Montreal,Justin Abdelkader,17,33,RW,77,76,76,76,66,64,76,70,69,70,66,81,78,76.0,12,Y
Montreal,Andrew Ladd,24,34,LW,75,72,76,76,62,68,73,70,68,70,72,84,80,77.0,12,Y
Montreal,C.J. Smith,4,25,RW,59,64,70,65,58,70,66,57,57,61,65,35,33,66.0,2,N
Montreal,Matthew Peca,68,26,C,68,72,69,72,60,70,69,71,68,68,64,37,35,72.0,4,Y
Montreal,Joseph Blandisi,5,25,C,70,70,72,69,58,62,74,67,65,69,65,37,35,72.0,5,Y
Montreal,Cody McLeod,65,35,LW,76,69,75,63,64,45,71,59,58,69,60,83,79,70.0,11,N
Montreal,Morgan Klimchuk,7,25,LW,64,73,69,61,55,70,60,54,56,68,54,35,33,64.0,1,N
Montreal,Tyler Johnson,18,29,C,67,80,64,77,79,72,80,74,75,70,76,66,64,78.0,8,Y
Montreal,Ben Hutton,45,26,D,69,72,74,79,66,72,71,74,75,73,69,52,50,76.0,5,Y
Montreal,Andrew MacDonald,57,33,D,65,74,71,71,65,70,74,69,68,75,62,73,71,75.0,11,N
Montreal,Ryan White,54,30,RW,74,72,74,65,60,49,70,62,61,69,64,56,54,71.0,8,N
Montreal,Vladimir Sobotka,27,32,C,71,75,67,77,65,66,75,71,69,71,68,67,65,75.0,10,Y
Montreal,David Desharnais,60,33,C,61,78,58,71,67,72,78,71,71,67,64,70,68,73.0,9,N
Montreal,Kris Russell,15,32,D,74,76,67,78,68,74,75,74,73,77,66,83,79,78.0,12,Y
Montreal,Daniel Winnik,44,35,C,62,73,75,71,83,68,73,69,66,72,63,82,79,74.0,10,N
Nashville,Alexander Ovechkin,16,34,RW,77,86,80,82,82,68,86,78,81,64,94,92,87,86.0,12,Y
Nashville,Jakub Vrana,0,24,LW,66,74,71,75,77,73,75,76,77,70,76,43,41,77.0,4,Y
Nashville,Denis Malgin,4,23,RW,68,69,69,74,65,73,69,72,73,63,70,39,37,73.0,4,Y
Nashville,Daniel Zarr,95,25,RW,69,70,71,70,72,70,67,67,67,59,68,31,27,71.0,0,N
Nashville,Jordan Eberle,9,29,RW,67,81,66,78,72,76,81,76,77,67,75,76,74,79.0,10,Y
Nashville,Dylan Strome,11,23,C,66,73,72,77,65,73,66,80,77,64,74,37,35,76.0,4,Y
Nashville,Ryan Dzingel,46,28,LW,67,73,71,77,75,69,72,76,76,64,74,52,50,76.0,5,Y
Nashville,Torey Krug,41,28,D,69,77,64,79,67,71,78,90,89,75,76,64,62,83.0,9,Y
Nashville,Ryan Johansen,13,27,C,72,75,77,80,79,68,76,80,80,70,72,71,69,80.0,9,Y
Nashville,Gavin Bayreuther,22,25,D,63,70,66,69,59,69,70,67,64,65,66,35,33,70.0,1,N
Nashville,Joakim Ryan,1,26,D,67,69,72,76,64,75,69,74,71,72,65,40,38,74.0,3,Y
Nashville,Gabriel Landeskog,90,27,LW,77,76,74,82,68,67,76,81,83,70,81,68,66,82.0,9,Y
Nashville,Matthew Gaudreau,19,25,C,66,69,62,62,60,59,66,66,66,63,63,26,28,68.0,0,N
Nashville,Curtis Valk,2,27,C,59,70,62,57,55,70,69,54,54,66,54,35,33,63.0,1,N
Nashville,Mikael Backlund,17,31,C,72,76,70,79,81,69,76,78,78,72,74,76,74,79.0,12,Y
Nashville,Justin Faulk,38,28,D,75,77,73,80,79,71,76,75,78,71,73,69,67,79.0,9,Y
Nashville,Henrik Samuelsson,15,26,C,65,66,68,68,60,65,71,54,53,64,54,35,33,64.0,1,N
Nashville,Lukas Bengtsson,3,26,D,61,68,63,67,64,70,67,67,67,66,66,29,27,70.0,0,N
Nashville,Dan Paille,10,35,LW,65,72,71,66,60,72,72,54,53,70,54,69,67,67.0,8,N
Nashville,Mika Zibanejad,93,26,C,76,75,75,82,69,74,75,81,81,69,85,63,61,82.0,9,Y
Nashville,Dion Phaneuf,47,34,D,71,70,77,72,69,64,70,68,64,74,63,86,82,76.0,11,N
Nashville,Justin Kloos,32,26,C,67,70,63,62,55,50,69,57,59,65,57,35,33,65.0,2,N
Nashville,Niklas Hjalmarsson,18,32,D,71,73,78,78,65,72,73,74,69,80,63,82,79,79.0,12,Y
Nashville,Henrik Haapala,24,26,LW,62,71,51,68,56,70,69,66,63,62,54,35,33,65.0,1,N
Nashville,Brandon Montour,28,25,D,72,74,75,80,72,69,76,75,75,76,73,45,43,78.0,4,Y
Nashville,Charles Hudon,6,25,LW,74,68,72,74,63,68,74,69,70,68,68,38,36,74.0,5,Y
Nashville,Anton Blidh,5,25,LW,69,66,68,69,56,69,73,60,59,68,60,35,33,68.0,4,Y
Nashville,Damon Severson,36,25,D,73,72,73,81,79,69,77,76,76,73,74,55,53,79.0,6,Y
Nashville,Michael Bunting,21,24,LW,61,61,68,64,56,66,69,57,57,62,65,35,33,66.0,1,N
Nashville,Garnet Hathaway,12,28,RW,82,70,70,72,67,52,75,69,68,67,70,47,45,74.0,5,Y
Nashville,Spencer Foo,77,25,RW,67,67,64,69,56,70,64,54,56,59,69,35,33,66.0,1,N
Nashville,Samuel Girard,35,21,D,68,69,69,79,78,78,66,77,79,63,69,39,37,75.0,3,Y
Nashville,Mikhail Grigorenko,14,25,LW,59,72,70,68,60,77,77,65,61,69,64,43,41,70.0,5,N
Nashville,Brad Boyes,33,37,RW,59,69,70,66,60,72,72,67,68,65,64,77,75,71.0,8,N
Nashville,Saku Maenalanen,29,25,RW,66,66,74,65,62,62,73,64,62,73,64,35,33,70.0,1,N
Nashville,Travis Boyd,37,26,RW,65,69,73,72,62,75,72,75,70,68,68,37,35,74.0,3,Y
Nashville,Lukas Sedlak,31,27,C,66,71,70,66,64,67,70,62,61,69,64,41,39,70.0,3,N
New Jersey,Drew Doughty,9,30,D,74,81,73,87,82,69,81,82,81,81,73,87,83,84.0,12,Y
New Jersey,Jeremy Bracco,42,23,RW,70,69,67,65,74,71,71,68,68,68,69,26,25,72.0,0,N
New Jersey,Pierre Engvall,3,23,LW,65,69,74,73,65,70,67,71,67,69,72,35,33,73.0,1,Y
New Jersey,Viatcheslav Voynov,28,30,D,65,73,64,69,60,73,72,68,67,72,56,46,44,71.0,4,N
New Jersey,Derek Ryan,1,33,C,66,71,65,76,81,72,73,75,76,69,72,57,55,76.0,5,Y
New Jersey,Dominic Toninato,7,26,C,70,63,71,71,62,62,66,68,66,68,68,36,34,71.0,3,Y
New Jersey,Morgan Rielly,2,26,D,70,79,75,82,67,77,79,88,85,77,77,60,58,84.0,7,Y
New Jersey,Steven Stamkos,92,30,C,70,82,70,80,72,68,82,85,88,72,86,81,78,85.0,12,Y
New Jersey,Dominik Kubalik,13,24,LW,69,69,70,76,79,71,68,73,75,65,79,35,33,76.0,1,Y
New Jersey,Dylan Demelo,4,26,D,73,71,74,78,66,69,72,74,72,72,65,48,46,76.0,5,Y
New Jersey,Jonathan Ericsson,64,36,D,72,70,79,76,65,66,70,67,62,75,67,80,77,76.0,12,Y
New Jersey,Lucas Wallmark,6,24,C,69,71,70,75,65,69,71,73,74,70,71,40,38,75.0,4,Y
New Jersey,Valeri Nichushkin,47,25,RW,71,68,69,75,65,78,69,73,72,71,67,46,44,74.0,5,Y
New Jersey,Trevor Moore,26,24,LW,69,69,68,73,63,70,69,69,67,69,70,35,33,72.0,2,Y
New Jersey,Ilya Kovalchuk,29,36,LW,67,77,73,77,65,71,78,75,75,64,74,70,68,78.0,7,Y
New Jersey,Antti Suomela,16,26,C,67,67,70,72,61,70,67,74,71,64,66,35,33,72.0,2,Y
New Jersey,David Krejci,49,33,C,67,78,70,78,68,72,79,82,83,74,74,88,83,81.0,12,Y
New Jersey,Jake Gardiner,54,29,D,69,76,70,78,71,73,77,80,84,75,69,71,69,80.0,9,Y
New Jersey,Jacob Trouba,15,26,D,79,75,77,81,69,68,76,80,79,80,73,58,56,82.0,7,Y
New Jersey,Brayden Schenn,12,28,LW,75,78,72,80,79,68,78,81,82,69,77,72,70,81.0,11,Y
New Jersey,Andreas Johnson,25,25,RW,69,78,72,76,64,69,77,75,77,70,74,37,35,77.0,3,Y
New Jersey,Ondrej Kase,32,24,RW,66,74,73,77,65,74,76,75,76,70,74,42,40,77.0,4,Y
New Jersey,Mitch Marner,14,22,RW,70,84,67,81,76,72,84,92,88,73,76,45,43,83.0,4,Y
New Jersey,Pavel Datsyuk,30,41,C,64,77,64,73,60,77,77,73,75,74,67,78,75,76.0,8,N
New Jersey,Jordan Subban,33,25,D,65,70,68,74,73,70,71,69,68,69,68,28,28,72.0,0,N
New Jersey,Kerby Rychel,20,25,LW,64,70,68,63,56,65,74,57,56,70,57,35,33,67.0,4,N
New Jersey,Carter Verhaeghe,41,24,C,65,64,62,71,65,70,67,66,68,58,72,35,33,70.0,1,Y
New Jersey,Oliver Bjorkstrand,24,24,LW,68,72,73,76,68,78,76,74,76,68,77,44,42,77.0,5,Y
New Jersey,Elias Lindholm,19,25,RW,71,75,72,81,83,76,76,80,82,73,78,59,57,81.0,7,Y
New Jersey,Taro Hirose,17,23,LW,67,75,66,70,60,70,75,70,70,65,67,35,33,72.0,2,Y
New Jersey,Shea Theodore,39,24,D,69,77,74,80,71,73,77,79,83,76,78,45,43,81.0,5,Y
New Jersey,Pavel Buchnevich,31,24,LW,69,73,74,77,68,72,76,77,77,69,75,44,42,78.0,4,Y
New Jersey,Hudson Fasching,38,24,RW,62,69,74,64,56,68,69,54,53,65,54,35,33,65.0,3,N
New Jersey,Joe Pavelski,44,35,C,72,69,69,79,77,71,69,77,80,68,78,93,88,79.0,12,Y
New Jersey,Zach Whitecloud,11,23,D,68,66,69,69,57,70,68,69,64,64,62,35,33,70.0,2,Y
New Jersey,Will Butcher,40,25,D,65,76,68,77,71,78,75,77,78,75,71,42,40,78.0,3,Y
Islanders,Andrew Desjardins,49,33,LW,65,71,71,63,60,61,72,56,56,70,54,63,61,67.0,7,N
Islanders,Marcus Pettersson,10,23,D,72,71,73,77,65,68,72,75,78,74,65,39,37,76.0,3,Y
Islanders,James Wisniewski,45,36,D,59,72,71,55,60,68,72,54,53,72,56,66,64,69.0,8,N
Islanders,Devante Smith-Pelly,77,27,RW,69,73,78,68,65,69,73,65,64,69,64,55,53,72.0,8,N
Islanders,Gemel Smith,8,25,RW,69,74,72,71,60,65,74,64,65,70,73,36,34,73.0,4,Y
Islanders,Mikhail Grabovski,83,36,C,62,78,62,68,60,67,76,67,64,68,64,71,69,71.0,8,N
Islanders,Christian Fischer,4,22,RW,72,65,75,74,68,71,65,68,67,65,70,40,38,72.0,4,Y
Islanders,David Schlemko,14,32,D,68,68,69,71,61,73,68,67,66,72,60,62,60,72.0,11,N
Islanders,Joe Colborne,43,30,C,64,69,75,65,60,67,69,59,59,68,59,52,50,68.0,7,N
Islanders,Kyle Chipchura,18,34,RW,63,68,73,64,60,59,70,63,62,68,59,65,63,69.0,8,N
Islanders,A.J. Greer,3,23,LW,68,69,74,62,59,45,69,62,59,68,61,35,33,68.0,3,N
Islanders,Roope Hintz,6,23,LW,72,69,76,76,65,70,68,73,75,63,74,36,34,75.0,2,Y
Islanders,Johnny Boychuk,56,36,D,74,73,79,78,66,70,73,74,75,77,68,83,79,80.0,12,Y
Islanders,Jay Beagle,84,34,C,72,70,77,74,65,68,72,71,69,73,65,75,73,75.0,12,Y
Islanders,Rob Flick,2,28,C,68,67,68,65,68,65,64,64,66,64,66,27,27,69.0,0,N
Islanders,Alex Killorn,69,30,LW,69,73,74,78,83,68,73,76,77,72,76,70,68,79.0,8,Y
Islanders,Torrey Mitchell,23,35,C,64,74,66,68,65,66,74,63,60,74,65,74,72,71.0,9,N
Islanders,Andre Benoit,62,36,D,61,72,68,67,60,73,73,54,53,70,56,53,51,68.0,5,N
Islanders,Riley Sheahan,11,28,C,68,72,77,75,81,77,74,70,68,71,70,62,60,76.0,9,Y
Islanders,Connor Carrick,24,25,D,70,72,71,75,63,66,71,74,74,72,69,44,42,75.0,6,Y
Islanders,Sami Vatanen,12,28,D,73,78,66,81,65,71,78,77,77,76,72,59,57,79.0,8,Y
Islanders,Brock McGinn,1,26,LW,72,72,73,76,81,73,74,72,70,69,70,49,47,75.0,5,Y
Islanders,Max Everson,44,27,D,69,65,73,65,65,69,63,65,65,66,64,27,27,70.0,0,N
Islanders,Brennan Serville,9,26,C,68,65,73,64,64,69,63,65,65,66,64,26,26,69.0,0,N
Rangers,Jon Merrill,35,28,D,73,70,75,77,64,68,71,73,70,74,68,54,52,76.0,7,Y
Rangers,Andreas Athanasiou,19,25,RW,67,85,72,77,67,69,84,75,74,68,76,48,46,79.0,5,Y
Rangers,Cooper Marody,9,23,C,60,71,70,62,56,70,67,57,57,68,57,35,33,66.0,1,N
Rangers,Victor Olofsson,25,24,RW,63,68,70,78,62,70,62,78,78,66,78,35,33,76.0,2,Y
Rangers,Matt Martin,43,30,LW,83,70,79,72,65,50,69,68,67,68,67,76,74,75.0,11,Y
Rangers,Nicklas Backstrom,24,32,C,69,82,72,81,76,69,82,84,84,70,74,87,83,82.0,12,Y
Rangers,Rasmus Ristolainen,5,25,D,80,76,75,84,75,70,76,81,78,73,72,59,57,81.0,7,Y
Rangers,Mike Amadio,20,23,C,69,65,70,71,68,68,73,64,67,70,68,25,27,71.0,0,N
Rangers,David Pastrnak,8,23,RW,70,78,70,80,74,69,78,84,88,71,90,51,49,84.0,6,Y
Rangers,Viktor Arvidsson,2,26,RW,67,80,68,79,65,69,80,75,77,70,82,51,49,79.0,6,Y
Rangers,Roman Josi,59,29,D,71,80,74,85,79,74,80,87,86,82,81,71,69,86.0,9,Y
Rangers,Dustin Byfuglien,38,34,D,75,66,88,76,65,63,69,80,79,78,69,84,80,81.0,11,N
Rangers,Johnny Gaudreau,22,26,LW,65,84,64,81,83,77,84,86,87,70,78,59,57,82.0,7,Y
Rangers,Paul Ladue,30,27,D,70,70,72,74,59,70,65,74,73,69,69,37,35,74.0,4,Y
Rangers,Colin White,6,23,C,68,65,71,77,65,68,68,76,73,65,71,37,35,74.0,4,Y
Rangers,Devin Shore,4,25,C,71,70,71,75,67,76,74,73,70,67,70,47,45,75.0,5,Y
Rangers,Zach Hyman,17,27,C,74,72,75,79,67,68,74,75,73,71,77,51,49,78.0,5,Y
Rangers,Vince Dunn,23,23,D,67,74,71,76,78,70,74,74,76,74,75,42,40,77.0,3,Y
Rangers,Nicolas Roy,28,23,RW,70,71,74,70,58,69,67,69,70,66,68,35,33,73.0,3,Y
Rangers,Jimmy Hayes,48,30,RW,66,69,80,68,62,67,72,67,66,66,63,54,52,72.0,7,N
Rangers,Alexandre Carrier,31,23,D,67,73,67,69,56,68,72,60,62,65,62,35,33,69.0,2,Y
Rangers,Mike Reilly,13,26,D,68,71,72,77,65,70,74,75,78,71,67,44,42,76.0,5,Y
Rangers,Jujhar Khaira,11,25,LW,76,70,74,74,66,64,71,69,67,69,68,44,42,74.0,5,Y
Rangers,Ryan Ellis,7,29,D,72,79,65,83,65,74,79,83,81,76,75,64,62,82.0,9,Y
Rangers,Jonathan Huberdeau,15,26,LW,69,77,71,80,84,69,77,88,88,75,79,62,60,83.0,8,Y
Rangers,Mikael Granlund,12,28,C,69,78,69,79,74,74,77,78,79,77,74,64,62,80.0,8,Y
Rangers,Kasperi Kapanen,1,23,RW,70,82,71,77,65,73,82,74,73,69,73,41,39,77.0,5,Y
Rangers,Rasmus Dahlin,14,19,D,71,76,73,79,72,69,76,81,81,76,72,35,33,80.0,2,Y
Rangers,Oscar Klefbom,10,26,D,71,70,75,83,65,78,74,79,79,77,72,54,52,79.0,7,Y
Rangers,Mason Appleton,29,24,LW,65,71,69,71,64,68,71,68,65,70,68,35,33,72.0,2,Y
Rangers,Patrice Bergeron,44,34,C,73,77,73,80,65,70,77,83,83,80,83,89,84,84.0,12,Y
Rangers,Jonathan Drouin,45,24,LW,69,80,70,78,65,70,80,79,79,68,73,49,47,78.0,6,Y
Ottawa,Jonathan Toews,20,31,C,71,80,75,82,79,69,80,82,82,80,78,87,83,84.0,12,Y
Ottawa,Alex Iafallo,9,26,C,69,69,71,78,79,76,65,75,74,65,72,44,42,75.0,3,Y
Ottawa,Mario Lucia,3,26,C,69,69,70,69,66,66,65,67,65,67,65,29,29,70.0,0,N
Ottawa,Brian Gibbons,21,32,LW,68,76,59,73,64,70,76,69,67,69,68,50,48,73.0,5,Y
Ottawa,Antoine Roussel,69,30,LW,77,72,77,74,65,48,72,73,70,71,70,65,63,76.0,8,Y
Ottawa,Tyler Pitlick,68,28,RW,75,70,71,75,65,71,70,71,67,70,71,49,47,74.0,6,Y
Ottawa,Xavier Ouellet,7,26,D,71,74,70,75,61,69,74,74,72,73,62,42,40,75.0,7,Y
Ottawa,Michael Stone,33,29,D,73,70,76,76,64,69,70,74,70,76,67,62,60,77.0,9,Y
Ottawa,Chandler Stephenson,10,25,C,67,69,75,75,66,78,68,71,71,67,69,43,41,74.0,5,Y
Ottawa,Michael Chaput,39,27,C,74,72,71,73,58,66,71,66,64,71,60,43,41,71.0,7,Y
Ottawa,Jordan Martinook,13,27,C,76,72,74,75,68,68,72,71,69,69,68,55,53,75.0,6,Y
Ottawa,Ryan Murray,5,26,D,68,74,72,79,64,75,75,79,76,76,67,52,50,78.0,7,Y
Ottawa,Jan Rutta,14,29,D,66,66,74,76,64,69,65,74,73,70,69,43,41,74.0,3,Y
Ottawa,Ben Chiarot,63,28,D,77,71,77,79,68,67,71,74,72,76,72,56,54,78.0,7,Y
Ottawa,Melker Karlsson,16,29,LW,69,71,70,74,70,69,71,68,67,67,70,58,56,73.0,6,Y
Ottawa,Matthew Nieto,83,27,RW,66,76,67,75,69,76,76,73,71,68,69,60,58,75.0,7,Y
Ottawa,Timo Meier,8,23,RW,76,77,75,78,81,67,76,78,81,70,78,44,42,80.0,4,Y
Ottawa,Jon Marchessault,2,29,RW,73,80,66,79,78,68,81,79,82,70,78,55,53,80.0,7,Y
Ottawa,Tyler Bozak,42,34,C,67,76,71,77,75,74,76,76,75,71,72,82,79,78.0,11,Y
Ottawa,Freddie Hamilton,76,28,RW,66,72,69,64,59,70,71,60,58,67,55,38,36,67.0,5,N
Ottawa,Tanner Richard,27,26,C,69,66,71,67,60,64,65,54,55,68,54,35,33,65.0,1,N
Ottawa,Steven Santini,17,25,D,75,68,71,75,61,69,68,68,66,70,65,36,34,73.0,5,Y
Ottawa,Luke Witkowski,53,29,D,78,71,78,69,61,49,69,72,67,69,67,43,41,75.0,6,Y
Ottawa,Blake Coleman,65,28,C,84,72,74,78,77,64,73,72,69,69,76,48,46,77.0,4,Y
Ottawa,Tommy Wingels,77,31,RW,74,73,69,69,72,66,71,65,62,69,66,63,61,72.0,8,N
Ottawa,Michael Paliotta,24,26,D,64,68,71,62,60,45,67,54,53,63,56,35,33,66.0,2,N
Ottawa,Zach Sanford,22,25,LW,72,73,69,75,65,68,75,74,72,70,73,40,38,76.0,3,Y
Ottawa,Roman Lyubimov,28,28,C,59,69,73,64,60,70,72,58,55,67,61,36,34,67.0,1,N
Ottawa,David Booth,50,35,LW,60,75,70,63,61,69,76,58,57,67,65,64,62,69.0,8,N
Ottawa,Miro Aaltonen,6,26,C,62,73,64,71,71,65,73,69,69,70,70,25,25,72.0,0,N
Ottawa,Loic Leduc,30,25,D,66,66,77,71,65,60,66,60,60,68,59,25,25,70.0,0,N
Philly,Mark Barberio,55,29,D,68,71,73,75,61,69,72,70,64,75,67,51,49,75.0,8,Y
Philly,Dennis Everberg,46,28,RW,61,70,72,63,60,70,70,54,53,67,54,37,35,65.0,2,N
Philly,Brandon Pirri,38,28,C,70,75,68,74,59,70,75,71,73,70,70,50,48,75.0,10,Y
Philly,Paul Byron,33,30,RW,73,78,62,76,65,72,77,74,71,71,73,62,60,76.0,10,Y
Philly,Griffin Reinhart,23,26,D,69,68,70,69,60,66,67,59,53,69,56,35,33,69.0,2,N
Philly,Martin Marincin,16,28,D,71,72,72,75,59,69,72,73,70,73,67,46,44,75.0,7,Y
Philly,Dennis Cholowski,5,22,D,64,66,72,77,64,75,69,74,76,66,72,35,33,74.0,2,Y
Philly,Zac Rinaldo,2,29,LW,80,74,80,70,62,45,71,67,66,70,68,57,55,74.0,8,Y
Philly,Nikita Scherbak,3,24,RW,62,72,66,65,59,70,72,58,59,62,64,35,33,67.0,3,N
Philly,Raphael Diaz,24,34,D,59,72,68,65,60,72,72,59,53,71,60,52,50,69.0,4,N
Philly,Alex Broadhurst,14,27,C,64,65,69,64,55,55,65,54,56,65,54,35,33,64.0,1,N
Philly,Nic Dowd,26,29,C,73,72,73,72,65,67,72,70,67,69,69,50,48,74.0,5,Y
Philly,Johan Alm,8,28,D,69,66,67,66,67,67,67,65,66,64,66,27,27,69.0,0,N
Philly,Anthony DeAngelo,6,24,D,65,74,60,68,60,63,74,67,69,69,68,35,33,72.0,1,N
Philly,Danny Dekeyser,7,30,D,73,75,74,80,64,70,75,76,71,74,70,60,58,78.0,8,Y
Philly,Nail Yakupov,64,26,LW,65,75,67,67,65,68,75,66,64,63,67,52,50,71.0,6,N
Philly,Nikita Nesterov,86,26,D,64,70,69,68,60,67,70,68,70,69,65,40,38,72.0,3,N
Philly,Dakota Joshua,32,23,C,75,66,71,65,70,73,64,69,66,68,69,25,25,72.0,0,N
Philly,Blake Pietila,12,27,C,67,71,71,67,58,69,70,60,59,69,57,35,33,68.0,4,N
Philly,Connor Hobbs,28,23,D,70,69,68,65,70,66,67,70,71,64,69,26,25,72.0,0,N
Philly,Kevin Gravel,10,28,D,67,69,71,74,59,75,69,68,63,67,62,40,38,71.0,5,Y
Philly,Barclay Goodrow,89,27,RW,82,72,74,74,67,60,71,72,71,68,69,48,46,75.0,6,Y
Philly,Kevin Labanc,11,24,RW,68,75,69,76,81,68,75,78,81,69,73,45,43,78.0,4,Y
Philly,Andrei Loktionov,78,26,C,59,70,63,67,60,75,74,66,63,66,62,45,43,69.0,5,N
Philly,Seth Helgeson,9,29,D,69,68,73,67,60,60,70,54,50,69,67,39,37,69.0,3,N
Philly,Kenny Agostino,75,27,C,70,69,72,69,62,67,71,70,70,70,64,38,36,72.0,5,N
Philly,Nikita Soshnikov,35,26,RW,62,74,69,63,57,69,71,57,56,71,57,37,35,67.0,4,N
Philly,Anton Zlobin,49,27,LW,66,68,68,71,69,68,69,68,68,67,67,30,30,71.0,0,N
Philly,Scott Wilson,90,27,LW,70,71,71,73,62,69,71,71,69,68,67,44,42,73.0,6,Y
Philly,Miikka Salomaki,27,27,LW,75,71,70,73,62,66,71,66,66,69,68,42,40,73.0,6,Y
Philly,Garrett Noonan,58,29,D,68,66,70,66,66,68,64,66,64,67,64,27,27,70.0,0,N
Philly,Patrick Maroon,59,31,LW,74,70,79,74,70,58,70,73,72,70,70,59,57,76.0,7,N
Philly,Joel Lowry,92,28,LW,66,68,70,67,69,67,66,67,66,67,65,27,27,70.0,0,N
Philly,Brett Bulmer,56,27,RW,67,65,72,60,60,57,65,54,53,67,54,35,33,64.0,3,N
Philly,Greg Pateryn,31,29,D,74,68,76,76,65,67,68,72,66,75,63,51,49,75.0,7,Y
Phoenix,Robert Thomas,2,20,C,65,77,71,76,70,73,78,79,80,63,71,35,33,77.0,2,Y
Phoenix,Vojtech Mozik,19,27,D,65,70,68,66,60,66,70,54,51,69,56,35,33,67.0,1,N
Phoenix,Andrei Svechnikov,3,19,RW,73,75,73,77,82,65,75,77,80,67,76,35,33,78.0,2,Y
Phoenix,Samuel Blais,4,23,LW,64,68,70,70,67,61,65,68,70,69,66,31,34,71.0,0,N
Phoenix,David Elsner,13,28,RW,58,61,64,67,67,67,61,58,58,50,59,25,25,63.0,0,N
Phoenix,Michael Duco,68,32,LW,65,65,56,67,66,45,65,65,65,55,65,28,28,66.0,0,N
Phoenix,Matt Watkins,45,33,C,59,72,50,61,60,70,72,54,53,49,54,40,38,61.0,1,N
Phoenix,Matt Nickerson,46,35,D,72,50,72,69,68,36,54,51,51,51,51,25,25,61.0,0,N
Phoenix,"Cal O'Reilly",52,33,C,64,71,65,62,55,75,71,54,53,64,54,49,47,65.0,7,N
Phoenix,Patrice Cormier,6,29,C,57,70,73,59,60,65,69,54,56,68,54,39,37,65.0,6,N
Phoenix,Rob Schremp,24,33,C,61,72,65,68,60,73,73,66,63,60,66,47,45,70.0,3,N
Phoenix,Ilari Filppula,26,38,C,63,70,63,65,65,72,70,66,66,64,66,26,26,69.0,0,N
Phoenix,Darren Archibald,53,30,LW,66,67,74,64,60,66,66,63,62,65,63,39,37,69.0,3,N
Phoenix,Andrew Mangiapane,15,23,LW,69,74,69,74,64,70,74,71,72,68,73,36,34,75.0,3,Y
Phoenix,Stephen Johns,24,27,D,80,70,75,77,64,68,71,73,69,72,73,43,41,77.0,4,Y
Phoenix,Mattias Janmark-Nylen,33,27,C,66,75,72,77,77,73,74,73,69,69,69,49,47,75.0,4,Y
Phoenix,Teemu Hartikainen,8,29,RW,60,68,70,65,60,70,69,61,60,63,58,39,37,67.0,3,N
Phoenix,Fabian Brunnstrom,61,35,LW,63,80,67,63,60,72,80,66,63,60,54,48,46,69.0,3,N
Phoenix,Gleason Fournier,58,28,D,65,65,66,65,67,69,64,66,64,64,63,27,27,68.0,0,N
Phoenix,Taylor Chorney,44,32,D,62,73,65,67,61,70,73,68,64,73,63,49,47,72.0,8,N
Phoenix,Jared Staal,54,29,RW,69,67,75,68,60,60,67,54,53,66,54,36,34,65.0,1,N
Phoenix,Max Reinhart,60,28,RW,59,69,67,62,60,70,69,54,53,68,54,35,33,64.0,3,N
Phoenix,Ty Wishart,55,31,D,59,64,76,68,60,69,64,54,53,70,56,40,38,68.0,3,N
Phoenix,Anton Lander,62,28,RW,63,71,70,64,60,70,71,64,60,69,58,47,45,69.0,6,N
Phoenix,Kirill Tulupov,37,31,D,74,60,74,66,65,55,60,62,62,65,54,26,26,68.0,0,N
Phoenix,Taylor Fedun,82,31,D,65,73,68,74,62,70,73,74,74,71,71,46,44,76.0,7,Y
Phoenix,Yohann Auvitu,30,30,D,61,72,65,68,62,70,72,68,70,68,68,40,38,72.0,2,N
Phoenix,Kyle Cumiskey,27,33,D,59,75,59,66,60,73,75,54,53,69,56,45,43,67.0,4,N
Phoenix,Ty Rattie,20,27,RW,65,71,70,68,62,75,71,66,63,69,64,38,36,71.0,6,N
Phoenix,Mathieu Brunelle,32,36,LW,60,62,55,65,65,68,62,62,58,54,64,25,25,64.0,0,N
Phoenix,Adam Pardy,66,35,D,67,67,75,64,60,64,69,54,53,70,56,62,60,69.0,9,N
Phoenix,Josh Winquist,5,26,LW,65,66,68,73,73,74,71,64,65,64,66,27,27,70.0,0,N
Phoenix,Yorick Trielle,17,39,RW,60,55,65,68,68,62,60,62,62,54,62,25,25,64.0,0,N
Phoenix,Radel Fazleev,14,24,C,58,64,60,64,60,66,64,64,57,55,52,25,25,62.0,0,N
Pittsburgh,Adam Pelech,0,25,D,77,70,71,78,65,73,68,74,72,71,69,45,43,75.0,5,Y
Pittsburgh,Anders Lee,21,29,LW,73,78,79,78,83,67,76,75,75,69,79,64,62,80.0,8,Y
Pittsburgh,JT Miller,10,27,LW,74,76,75,79,79,69,76,81,83,72,77,61,59,81.0,8,Y
Pittsburgh,Steve Bernier,49,34,RW,68,68,75,64,56,69,73,54,53,68,54,67,65,67.0,9,N
Pittsburgh,Derrick Pouliot,15,26,D,72,71,69,75,64,70,72,71,73,70,67,42,40,74.0,6,Y
Pittsburgh,Kris Versteeg,50,33,RW,60,75,65,69,60,67,75,67,68,70,64,75,73,72.0,10,N
Pittsburgh,Andy Welinski,8,26,D,65,69,71,68,59,70,71,67,63,67,63,35,33,71.0,2,N
Pittsburgh,Brendan Leipsic,14,25,RW,68,71,73,73,65,70,75,72,70,67,67,42,40,74.0,4,Y
Pittsburgh,Anders Bjork,11,23,LW,67,69,68,74,63,75,68,72,67,70,70,35,33,73.0,3,Y
Pittsburgh,Mats Zuccarello,4,32,LW,71,83,62,79,66,70,83,79,77,70,73,72,70,79.0,10,Y
Pittsburgh,Derek Stepan,39,29,C,70,76,71,80,77,75,77,76,72,70,72,77,75,78.0,10,Y
Pittsburgh,Calvin De Haan,34,28,D,81,76,71,78,64,72,76,74,76,79,64,57,55,79.0,8,Y
Pittsburgh,Travis Zajac,33,34,C,70,75,72,79,71,72,75,74,72,74,72,88,83,78.0,12,Y
Pittsburgh,Landon Ferraro,29,28,C,57,70,67,59,55,67,70,54,56,65,69,39,37,67.0,4,N
Pittsburgh,Craig Smith,25,30,RW,70,75,73,76,77,69,75,73,75,70,75,74,72,78.0,9,Y
Pittsburgh,Marko Dano,18,25,RW,70,70,72,68,58,68,76,61,58,68,62,38,36,70.0,6,Y
Pittsburgh,Justin Williams,24,38,RW,70,70,72,77,65,68,70,76,79,73,76,91,86,79.0,12,Y
Pittsburgh,Dmitry Orlov,81,28,D,76,72,74,81,84,71,73,76,76,78,69,64,62,79.0,8,Y
Pittsburgh,Mathew Barzal,52,22,C,71,82,70,80,83,69,83,84,84,69,74,41,39,81.0,4,Y
Pittsburgh,Ryan Nugent-Hopkins,93,26,C,70,77,73,82,69,73,75,81,82,71,78,66,64,81.0,9,Y
Pittsburgh,Curtis Lazar,22,25,C,72,75,74,71,63,71,73,69,69,75,66,46,44,74.0,6,Y
Pittsburgh,Ryan Pulock,19,25,D,74,73,76,80,74,77,72,77,78,74,74,45,43,79.0,5,Y
Pittsburgh,David Rundblad,7,29,D,60,70,72,67,60,72,68,67,69,68,56,42,40,70.0,5,N
Pittsburgh,Anthony Beauvillier,26,22,LW,70,75,66,77,75,77,75,73,70,69,74,44,42,76.0,4,Y
Pittsburgh,Fredrik Olofsson,40,23,LW,65,71,70,61,74,61,67,66,68,67,70,25,25,71.0,0,N
Pittsburgh,Conor Sheary,20,27,LW,66,77,68,75,74,75,75,73,73,70,72,52,50,76.0,5,Y
Pittsburgh,Tyler Myers,60,30,D,74,72,82,80,81,68,73,75,77,77,73,75,73,81.0,11,Y
Pittsburgh,Jake Bischoff,45,25,D,69,71,70,69,56,63,68,60,59,70,62,35,33,70.0,1,Y
Pittsburgh,Taylor Leier,31,26,LW,59,68,68,67,63,70,69,64,64,68,58,35,33,68.0,3,N
Pittsburgh,Jack Dougherty,42,23,D,72,64,70,72,60,66,68,74,70,67,66,25,25,72.0,0,N
Pittsburgh,Josh Morrissey,23,24,D,70,77,67,81,68,71,77,78,79,76,72,46,44,79.0,5,Y
Pittsburgh,Ludwig Bystrom,43,25,D,63,65,69,69,73,72,63,70,66,70,65,26,25,71.0,0,N
Pittsburgh,Sonny Milano,46,23,LW,65,73,64,74,64,70,75,72,72,57,71,36,34,73.0,5,Y
Pittsburgh,Nino Neiderreiter,32,27,RW,70,77,73,76,71,68,77,75,78,72,74,67,65,79.0,9,Y
Pittsburgh,Ryan Donato,36,23,C,66,70,68,73,64,75,72,72,74,68,73,37,35,74.0,3,Y
Pittsburgh,Tyler Moy,47,24,C,65,68,69,72,68,67,67,68,67,66,67,25,25,71.0,0,N
Pittsburgh,Ryan Mantha,37,23,RW,62,70,74,70,73,69,71,70,69,65,67,27,26,72.0,0,N
Pittsburgh,Evander Kane,27,28,LW,84,76,77,80,73,60,76,76,79,69,81,75,73,82.0,11,Y
Pittsburgh,Sebastian Aho,38,22,RW,71,78,70,81,80,73,78,81,86,69,84,45,43,82.0,4,Y
Pittsburgh,Mikhail Sergachev,44,21,D,72,76,74,77,77,68,78,77,80,75,74,40,38,80.0,4,Y
Pittsburgh,Warren Foegele,41,23,LW,71,70,68,74,65,69,69,70,69,67,71,37,35,73.0,3,Y
St. Louis,Frank Vatrano,27,26,RW,75,70,71,76,65,68,76,72,70,68,74,47,45,76.0,5,Y
St. Louis,Brenden Dillon,28,29,D,80,68,78,77,83,64,68,74,75,79,64,69,67,79.0,9,Y
St. Louis,Jared McCann,2,23,LW,70,72,73,76,71,69,76,74,72,68,73,46,44,76.0,5,Y
St. Louis,Alexei Marchenko,49,28,D,69,66,73,73,72,72,73,70,69,71,69,28,26,74.0,0,N
St. Louis,Paul Postma,37,31,D,60,70,71,65,58,72,70,65,58,71,57,48,46,70.0,8,N
St. Louis,Colin Wilson,26,30,LW,67,74,76,75,64,75,74,74,72,67,68,72,70,76.0,11,Y
St. Louis,Miles Wood,4,24,RW,74,71,75,75,69,57,76,72,70,68,72,45,43,76.0,5,Y
St. Louis,Mattias Ekholm,9,29,D,72,72,77,82,81,70,73,79,80,79,74,66,64,81.0,9,Y
St. Louis,Reilly Smith,15,28,LW,69,78,72,79,71,74,77,80,80,73,78,67,65,81.0,9,Y
St. Louis,Jordie Benn,13,32,D,72,73,71,77,66,70,73,74,73,75,69,68,66,77.0,9,Y
St. Louis,Noah Hanafin,25,23,D,71,74,74,79,81,76,75,75,78,77,72,50,48,79.0,5,Y
St. Louis,Peter Cehlarik,5,24,RW,70,71,70,70,57,70,70,70,70,70,66,35,33,73.0,4,Y
St. Louis,Cody Goloubef,69,30,D,70,69,74,70,59,68,70,64,59,73,66,45,43,73.0,8,Y
St. Louis,Jonas Brodin,38,26,D,68,77,74,80,77,75,75,76,76,81,68,64,62,79.0,8,Y
St. Louis,Alexander Nylander,32,22,RW,58,67,69,66,57,70,68,65,65,70,65,35,33,69.0,3,N
St. Louis,Elias Pettersson,35,21,C,70,80,69,80,72,75,80,81,81,67,81,35,33,80.0,2,Y
St. Louis,Brett Seney,3,24,LW,69,70,65,72,61,63,70,68,66,70,66,35,33,71.0,2,Y
St. Louis,Nick Jensen,34,29,D,68,77,72,77,81,75,76,74,71,76,63,52,50,77.0,4,Y
St. Louis,Samuel Morin,11,24,D,69,67,71,69,56,62,71,60,58,66,62,35,33,69.0,4,Y
St. Louis,Patric Hornqvist,47,33,RW,76,78,66,77,65,68,78,75,78,70,77,82,79,79.0,12,Y
St. Louis,Maxim Mamin,36,25,C,65,70,70,63,59,67,66,58,60,64,58,35,33,66.0,2,N
St. Louis,Phillip Danault,24,27,LW,74,74,76,79,68,69,74,81,79,77,71,52,50,79.0,6,Y
St. Louis,Tyler Toffoli,74,27,RW,67,77,73,78,83,73,77,75,77,69,76,63,61,79.0,8,Y
St. Louis,C.J. Franklin,6,26,RW,69,68,69,65,72,65,70,66,70,70,70,28,27,72.0,0,N
St. Louis,Reid Boucher,12,26,LW,61,70,66,61,58,75,72,58,58,66,58,40,38,66.0,6,N
St. Louis,Gabriel Gagne,8,23,RW,64,72,75,63,71,73,71,66,66,69,69,25,25,72.0,0,N
St. Louis,Darren Helm,73,33,LW,72,80,69,76,68,70,80,71,68,74,70,78,75,77.0,12,Y
St. Louis,Patrik Nemeth,1,28,D,73,69,76,78,68,69,70,74,70,74,64,51,49,76.0,7,Y
St. Louis,Jake Evans,10,23,C,69,69,69,69,59,70,73,66,65,69,69,35,33,72.0,1,Y
St. Louis,Curtis McKenzie,50,29,LW,69,68,70,63,57,51,71,68,67,69,54,40,38,69.0,4,N
St. Louis,Pavel Zacha,20,22,C,70,72,74,77,66,72,72,75,74,70,71,43,41,76.0,5,Y
St. Louis,Jakub Zboril,21,23,D,62,69,69,64,55,70,70,57,58,64,58,35,33,67.0,1,N
St. Louis,Brad Morrison,30,23,C,63,71,70,72,71,71,70,75,70,63,65,25,27,72.0,0,N
St. Louis,Tom Kuhnhackl,54,28,RW,73,69,72,73,64,70,72,69,68,72,67,47,45,74.0,5,Y
St. Louis,Robbie Russo,14,27,D,61,68,71,68,60,70,67,54,55,69,56,35,33,67.0,1,N
St. Louis,Par Lindholm,39,28,C,69,69,70,73,65,73,66,69,68,65,63,41,39,71.0,2,Y
St. Louis,John Tavares,92,29,C,69,78,74,81,79,70,78,82,85,70,86,81,78,84.0,11,Y
St. Louis,Cody Eakin,21,28,C,70,77,71,76,68,69,75,73,70,69,72,67,65,76.0,9,Y
St. Louis,Alexander Petrovic,72,28,D,76,70,78,70,65,58,70,66,60,77,61,48,46,75.0,7,N
San Jose,Marc-Edouard Vlasic,19,32,D,66,77,73,80,77,73,77,75,73,82,71,88,83,80.0,12,Y
San Jose,Ron Hainsey,70,38,D,70,70,75,79,77,74,70,74,73,78,68,96,91,79.0,12,Y
San Jose,Dougie Hamilton,2,26,D,74,72,77,80,69,68,74,78,81,74,83,63,61,81.0,8,Y
San Jose,Olli Maata,5,25,D,74,74,73,77,69,75,74,74,76,77,68,55,53,78.0,7,Y
San Jose,David Kampf,23,25,C,67,67,72,75,65,75,69,71,68,67,68,40,38,73.0,3,Y
San Jose,Conner Bleackley,10,24,C,74,72,70,71,61,61,74,73,63,68,60,25,25,71.0,0,N
San Jose,Brendan Gaunce,3,25,LW,72,70,71,72,58,67,77,74,74,67,67,38,36,74.0,5,Y
San Jose,Andrei Markov,79,41,D,61,70,70,72,60,72,70,75,75,71,66,77,75,75.0,9,N
San Jose,Sean Monahan,8,25,C,69,76,76,80,76,76,76,80,84,71,80,62,60,82.0,7,Y
San Jose,Glenn Gawdin,18,22,C,69,63,69,70,71,70,72,69,69,65,68,27,25,72.0,0,N
San Jose,Chris Tierney,6,25,C,67,72,71,78,85,76,77,78,75,70,71,56,54,77.0,6,Y
San Jose,Juuso Riikola,24,26,D,74,65,70,75,63,71,65,73,73,63,67,37,35,72.0,2,Y
San Jose,Tobias Lindberg,20,24,RW,66,68,74,69,60,66,74,68,65,67,54,35,33,69.0,1,N
San Jose,Jamie Benn,1,30,LW,80,79,80,79,81,66,78,77,79,71,78,83,79,82.0,11,Y
San Jose,Jaccob Slavin,11,25,D,74,75,76,82,83,80,76,77,79,82,73,53,51,81.0,5,Y
San Jose,Erik Haula,57,28,RW,70,78,70,78,64,68,77,75,77,73,75,58,56,78.0,7,Y
San Jose,John Gilmour,12,26,D,68,69,69,70,58,69,69,63,61,67,65,35,33,70.0,3,Y
San Jose,Max Domi,13,25,LW,70,80,72,78,85,65,80,80,79,71,75,51,49,80.0,5,Y
San Jose,Jesper Bratt,22,21,RW,66,75,65,76,65,76,75,76,75,67,73,37,35,76.0,3,Y
San Jose,Tony Cameranesi,15,26,C,60,67,69,73,73,70,70,64,66,64,66,26,26,70.0,0,N
San Jose,Benoit Pouliot,67,33,LW,65,73,74,71,70,66,73,63,64,69,68,74,72,73.0,10,N
San Jose,Colton Sceviour,4,30,C,74,74,71,75,68,73,74,72,68,70,69,63,61,75.0,9,Y
San Jose,Ben Harpur,7,25,D,72,65,72,71,64,65,67,66,61,67,61,36,34,71.0,4,N
San Jose,Nick Ritchie,14,24,LW,82,72,77,76,65,57,71,75,73,71,71,45,43,77.0,5,Y
San Jose,Jake DeBrusk,16,23,RW,67,75,72,77,68,74,75,74,76,69,78,41,39,77.0,3,Y
San Jose,Tomas Tatar,9,29,RW,71,78,66,77,81,70,78,79,83,70,76,67,65,80.0,9,Y
San Jose,Brock Nelson,31,28,C,70,74,76,79,83,70,74,77,73,70,78,66,64,79.0,7,Y
Tampa Bay,Carl Gunnarsson,44,33,D,66,74,70,75,64,74,72,73,69,74,71,75,73,76.0,11,Y
Tampa Bay,Nick Leddy,8,29,D,69,77,72,80,76,78,77,76,77,77,70,75,73,79.0,10,Y
Tampa Bay,Kyle Turris,4,30,C,66,77,68,77,66,69,77,77,77,69,71,78,75,78.0,11,Y
Tampa Bay,Jordan Nolan,70,30,LW,69,69,78,65,64,55,71,65,64,71,59,58,56,71.0,8,N
Tampa Bay,Jordan Caron,31,29,LW,61,70,75,62,60,65,68,54,53,70,54,45,43,65.0,6,N
Tampa Bay,Michael Blunden,22,33,RW,71,69,77,73,72,61,70,67,70,69,69,32,32,73.0,0,N
Tampa Bay,Bobby Ryan,37,33,LW,73,76,74,77,65,68,75,75,74,68,73,84,80,78.0,12,Y
Tampa Bay,Matt Read,11,33,RW,64,76,69,66,59,77,76,57,57,69,62,65,63,69.0,8,N
Tampa Bay,Nicolas Deslauriers,19,29,LW,82,72,75,71,65,56,72,67,67,73,68,56,54,75.0,7,Y
Tampa Bay,Jason Demers,66,31,D,72,75,72,79,65,68,75,74,74,75,67,75,73,78.0,11,Y
Tampa Bay,Peter Mueller,88,31,C,63,69,73,69,60,71,68,66,63,64,65,50,48,70.0,4,N
Tampa Bay,Connor Brown,23,26,RW,67,75,68,78,85,76,75,75,71,72,71,50,48,76.0,5,Y
Tampa Bay,Josh Anderson,29,25,RW,79,72,77,78,65,64,77,72,71,70,74,46,44,77.0,6,Y
Tampa Bay,Christian Wolanin,42,25,D,65,71,72,74,58,70,72,68,70,72,69,35,33,73.0,3,Y
Tampa Bay,Marcus Foligno,82,28,LW,80,72,77,74,73,62,71,72,69,68,70,66,64,76.0,9,Y
Tampa Bay,Max Veronneau,5,24,RW,63,70,69,69,57,70,68,65,67,63,65,35,33,70.0,2,Y
Tampa Bay,Zach Boychuk,26,30,LW,62,71,65,65,60,75,71,61,61,65,61,44,42,68.0,7,N
Tampa Bay,Brandon Sutter,15,31,C,68,73,74,77,64,76,74,72,71,72,72,78,75,77.0,12,Y
Tampa Bay,Corey Tropp,16,30,RW,63,70,66,63,60,55,70,54,56,70,54,45,43,65.0,4,N
Tampa Bay,Chris Bourque,58,34,LW,63,74,65,67,60,68,75,65,62,69,59,43,41,69.0,3,N
Tampa Bay,Mark Borowiecki,75,30,D,83,72,78,76,65,52,72,73,70,71,70,58,56,78.0,9,Y
Tampa Bay,Shane Prince,17,27,C,63,73,69,67,58,69,73,60,60,70,61,41,39,69.0,4,N
Tampa Bay,Brendan Guhle,12,22,D,67,71,70,76,60,70,70,74,71,68,70,35,33,74.0,4,Y
Tampa Bay,Caleb Jones,10,22,D,69,70,75,75,62,70,70,74,68,73,71,35,33,75.0,2,Y
Tampa Bay,Patrik Sieloff,32,25,D,63,67,67,73,72,69,73,69,70,66,66,30,29,72.0,0,N
Tampa Bay,Mathieu Perreault,85,32,LW,72,75,64,75,66,68,76,73,75,70,72,73,71,77.0,11,Y
Tampa Bay,Terrence Amorosa,7,25,D,64,67,70,70,68,71,69,70,67,64,65,28,29,71.0,0,N
Tampa Bay,Tommy Vannelli,13,25,D,65,67,71,71,71,70,70,66,65,68,66,27,29,71.0,0,N
Tampa Bay,Christian Jaros,15,23,D,72,70,75,73,61,68,71,74,73,73,63,35,33,75.0,3,Y
Tampa Bay,Zach Werenski,18,22,D,68,80,74,82,76,79,80,77,80,76,80,45,43,82.0,4,Y
Tampa Bay,Erik Condra,41,33,RW,59,74,68,66,56,67,74,57,59,73,65,61,59,70.0,8,N
Tampa Bay,Alex Tuch,1,23,RW,73,72,77,77,65,75,72,77,78,69,74,40,38,78.0,4,Y
Tampa Bay,Thomas Chabot,2,23,D,72,74,73,83,68,72,75,83,80,73,76,40,38,80.0,4,Y
Tampa Bay,Filip Chlapik,24,22,C,72,69,70,71,60,68,73,66,66,63,68,35,33,71.0,3,Y
Tampa Bay,Jonathan Dahlen,25,22,C,67,71,66,69,71,69,64,66,70,69,63,26,27,70.0,0,N
Tampa Bay,Nick Seeler,28,26,D,75,68,73,73,63,60,67,71,62,74,64,38,36,74.0,3,Y
Tampa Bay,Calle Jarnkrok,72,28,RW,66,78,68,77,70,75,77,74,74,74,72,61,59,77.0,7,Y
Tampa Bay,Chris Kreider,71,28,LW,77,77,77,78,67,64,77,76,78,71,79,64,62,81.0,8,Y
Tampa Bay,Tage Thompson,30,22,C,70,66,76,73,63,69,70,66,64,67,67,35,33,72.0,3,Y
Tampa Bay,Brad Hunt,63,31,D,65,70,73,75,65,76,70,74,76,72,74,49,47,76.0,7,Y
Tampa Bay,Frans Nielsen,53,35,C,69,75,66,77,70,77,75,72,71,75,69,91,86,77.0,12,Y
Tampa Bay,Nick Bjugstad,27,27,C,74,72,80,76,65,69,73,72,74,69,72,58,56,77.0,8,Y
Toronto,Ivan Barbashev,21,24,C,72,71,71,74,67,74,71,72,68,71,71,42,40,75.0,4,Y
Toronto,Sebastian Aho,17,24,D,59,69,69,70,60,70,64,68,63,65,63,35,33,69.0,1,N
Toronto,Jakub Voracek,93,30,LW,65,78,77,79,81,69,78,85,85,70,73,88,83,82.0,12,Y
Toronto,Brandon Crombeen,46,34,RW,82,69,81,74,75,45,69,70,70,71,69,46,45,75.0,0,N
Toronto,Andrej Nestrasil,5,29,LW,60,68,75,65,60,75,69,66,64,67,59,42,40,69.0,3,N
Toronto,Yannick Weber,14,31,D,67,75,70,73,65,69,75,70,64,76,66,66,64,75.0,12,Y
Toronto,Auston Matthews,7,22,C,73,79,79,81,67,79,79,81,85,70,91,44,42,84.0,4,Y
Toronto,Nick Foligno,71,32,RW,83,74,74,79,71,65,74,74,71,72,73,88,83,79.0,12,Y
Toronto,Jeff Petry,32,32,D,77,74,76,82,85,73,74,79,82,76,76,76,74,82.0,10,Y
Toronto,Chris Wideman,59,30,D,65,71,71,67,60,66,73,67,68,73,67,46,44,73.0,4,N
Toronto,Nate Schmidt,20,28,D,70,80,72,80,66,77,79,78,81,77,74,57,55,81.0,7,Y
Toronto,Sven Baertschi,27,27,LW,67,74,71,75,61,72,74,74,75,69,71,50,48,76.0,9,Y
Toronto,Josh Leivo,33,26,LW,67,71,73,75,64,70,71,72,74,68,72,42,40,75.0,7,Y
Toronto,Hunter Smith,37,24,RW,69,55,77,71,67,61,59,60,62,60,55,27,31,65.0,0,N
Toronto,Beau Starrett,2,24,LW,73,68,74,67,66,71,73,67,69,66,68,27,25,72.0,0,N
Toronto,Shayne Gostisbehere,54,26,D,67,79,69,78,66,72,80,79,82,74,75,51,49,80.0,6,Y
Toronto,Joe Thornton,39,40,C,67,68,80,77,65,69,67,79,82,73,71,98,93,79.0,12,Y
Toronto,Mike Green,57,34,D,73,77,70,80,65,68,76,78,77,71,72,81,78,79.0,12,Y
Toronto,Jake Chelios,45,29,D,64,68,69,67,56,70,63,57,56,69,59,35,33,68.0,1,N
Toronto,Slater Koekkoek,15,26,D,74,71,70,75,63,66,68,74,70,74,68,40,38,75.0,6,Y
Toronto,Tomas Hertl,50,26,LW,72,74,73,80,67,73,76,79,81,70,79,58,56,80.0,7,Y
Toronto,Fredrik Claesson,23,27,D,74,72,72,76,63,71,72,73,69,75,71,41,39,76.0,5,Y
Toronto,Jordan Staal,28,31,C,78,71,80,79,66,69,71,75,76,75,72,83,79,79.0,12,Y
Toronto,Jeff Carter,47,35,LW,70,74,75,79,65,69,74,73,73,71,74,87,83,78.0,12,Y
Toronto,Mark Letestu,55,35,RW,66,72,69,73,62,77,72,66,64,68,64,73,71,72.0,11,Y
Toronto,Josh Jooris,24,29,RW,64,73,69,66,63,68,72,62,59,67,62,48,46,69.0,4,N
Toronto,Blake Comeau,65,34,RW,77,74,74,77,69,66,74,72,69,65,70,85,81,76.0,12,Y
Toronto,Jakub Forsbacka,8,23,C,63,73,71,71,63,73,69,69,63,68,66,25,25,71.0,0,N
Toronto,Jake Walman,3,24,D,61,71,61,69,55,70,72,60,62,66,62,35,33,68.0,1,Y
Toronto,John Moore,25,29,D,71,76,75,78,65,70,76,72,66,74,72,65,63,77.0,10,Y
Toronto,Vladislav Kamenev,11,23,LW,68,68,73,70,60,68,70,71,72,65,64,35,33,72.0,4,Y
Toronto,Austin Wagner,18,22,LW,75,74,69,72,66,66,75,68,68,69,70,35,33,74.0,2,Y
Toronto,T.J. Oshie,41,33,RW,76,76,71,79,71,69,76,78,80,70,78,84,80,81.0,12,Y
Toronto,Mark Jankowski,6,25,C,68,75,77,74,68,70,75,69,68,72,71,43,41,75.0,4,Y
Toronto,Henrik Borgstrom,19,22,C,65,70,72,74,60,70,63,68,69,71,68,35,33,72.0,3,Y
Toronto,Brandon Tanev,34,28,LW,85,71,73,76,69,69,71,72,69,69,71,49,47,76.0,5,Y
Toronto,Kevin Shattenkirk,13,31,D,72,76,70,78,65,69,77,78,79,75,71,75,73,80.0,10,Y
Toronto,Mark Stone,62,27,RW,77,76,80,81,67,73,76,84,86,80,79,59,57,84.0,8,Y
Vancouver,Ville Pokka,24,26,D,66,70,71,73,73,70,71,66,65,66,70,29,28,72.0,0,N
Vancouver,Jason Zucker,3,28,LW,70,79,69,78,76,70,78,76,78,72,77,60,58,79.0,9,Y
Vancouver,Adam Tambellini,0,25,C,66,67,70,70,70,70,66,67,67,66,68,30,27,71.0,0,N
Vancouver,Chris Tanev,20,30,D,70,76,73,78,65,76,76,75,74,80,66,65,63,79.0,10,Y
Vancouver,Alex DeBrincat,1,22,RW,67,78,63,78,84,78,78,78,81,69,80,40,38,79.0,3,Y
Vancouver,Jamie McGinn,65,31,RW,67,74,73,68,64,68,74,67,64,72,68,72,70,74.0,11,N
Vancouver,Remi Elie,5,24,LW,66,70,71,67,64,70,70,63,63,69,60,36,34,69.0,3,N
Vancouver,Stanislav Galiev,21,28,LW,59,71,69,63,60,70,71,63,63,70,54,35,33,67.0,2,N
Vancouver,Cal Clutterbuck,36,32,RW,82,73,76,75,65,64,73,71,68,71,68,85,81,77.0,12,Y
Vancouver,"Cristoval ""Boo"" Nieves",26,26,LW,68,67,70,68,68,68,66,67,62,68,70,32,31,71.0,0,N
Vancouver,Nicolas Aube-Kubel,6,23,RW,74,70,70,71,61,66,71,69,69,70,69,35,33,73.0,2,Y
Vancouver,Mirco Mueller,22,25,D,72,68,75,77,64,72,68,73,69,72,65,41,39,75.0,6,Y
Vancouver,Noel Acciari,16,28,C,79,69,70,75,66,69,74,68,66,65,72,48,46,74.0,5,Y
Vancouver,Charlie Coyle,2,28,C,72,73,78,78,73,70,74,75,74,70,72,66,64,78.0,8,Y
Vancouver,Laurent Dauphin,7,24,LW,60,73,70,65,55,65,72,57,56,65,57,35,33,66.0,4,N
Vancouver,Karl Alzner,28,31,D,70,71,77,77,62,74,71,69,69,76,62,76,74,76.0,12,Y
Vancouver,Clark Bishop,27,23,C,70,67,69,70,58,66,67,70,70,63,62,35,33,70.0,2,Y
Vancouver,Jeremy Roy,10,22,D,65,67,69,69,68,65,68,69,71,69,69,29,27,72.0,0,N
Vancouver,JT Compher,14,24,C,69,76,70,78,67,72,76,74,71,67,72,43,41,76.0,4,Y
Vancouver,John Quenneville,11,23,C,70,71,71,70,57,70,70,60,58,70,62,35,33,69.0,4,Y
Vancouver,Drew Stafford,41,34,RW,64,73,74,70,65,69,73,67,67,69,65,82,79,73.0,11,N
Vancouver,Paul Stastny,37,34,C,69,76,72,79,68,70,75,78,81,71,74,85,81,80.0,12,Y
Vancouver,Marian Gaborik,52,38,LW,61,75,69,70,64,71,76,68,67,65,69,76,74,73.0,10,N
Vancouver,Juho Lammikko,23,24,C,64,68,72,66,63,70,71,66,62,62,57,35,33,68.0,1,N
Vancouver,Joel Armia,33,26,RW,76,72,74,77,66,70,71,73,74,68,74,49,47,77.0,6,Y
Vancouver,Mikkel Boedker,89,30,LW,66,80,68,74,65,77,80,75,73,69,70,75,73,77.0,12,Y
Vancouver,Tyler Biggs,19,26,RW,68,64,69,68,66,68,68,66,70,65,68,30,33,71.0,0,N
Vancouver,Jason Garrison,29,35,D,63,69,76,66,58,71,69,58,56,73,64,74,72,72.0,11,N
Vancouver,Dane Fox,42,26,C,72,66,70,64,63,61,65,64,64,64,67,28,28,69.0,0,N
Vancouver,Scott Mayfield,13,27,D,74,66,72,78,66,64,68,74,71,71,70,47,45,75.0,6,Y
Vancouver,Cole Cassels,9,24,C,68,70,68,71,70,65,68,71,69,69,65,25,25,72.0,0,N
Vancouver,Thomas Vanek,71,36,RW,63,77,74,72,68,69,77,72,71,67,70,86,82,76.0,11,N
Vancouver,Dominic Turgeon,18,24,C,63,67,73,66,56,70,67,57,56,65,57,35,33,66.0,2,N
Vancouver,Anthony Bitetto,84,29,D,77,68,72,74,64,64,72,73,69,70,63,47,45,75.0,6,Y
Vancouver,Michael Matheson,15,26,D,73,76,74,79,72,69,77,74,74,74,74,44,42,78.0,3,Y
Vancouver,Vinnie Hinostroza,39,25,LW,68,72,70,76,65,72,75,75,72,69,70,45,43,75.0,5,Y
Vancouver,Petr Straka,51,27,RW,63,69,67,63,60,70,70,69,69,66,54,35,33,68.0,1,N
Vancouver,Brett Kulak,25,26,D,70,70,73,76,65,69,71,74,74,71,67,43,41,75.0,6,Y
Washington,Justin Schultz,30,29,D,67,75,68,79,64,77,75,77,80,74,71,63,61,79.0,8,Y
Washington,Keith Yandle,8,33,D,67,80,70,80,84,69,80,88,85,74,72,92,87,83.0,12,Y
Washington,Alex Pietrangelo,11,30,D,72,77,79,84,74,76,77,83,84,84,81,78,75,85.0,12,Y
Washington,Deryk Engelland,10,37,D,77,70,79,78,67,64,70,73,70,78,66,83,79,79.0,11,Y
Washington,Jason Spezza,21,36,C,64,69,72,74,70,69,68,74,76,67,70,89,84,76.0,12,Y
Washington,Dwight King,27,30,LW,63,67,76,68,60,72,70,61,61,68,62,57,55,70.0,7,N
Washington,Matt Stajan,45,36,C,66,70,65,68,66,67,71,66,66,68,61,81,78,71.0,10,N
Washington,Taylor Hall,16,28,C,72,86,76,80,65,69,86,83,83,69,78,70,68,83.0,10,Y
Washington,Zach Parise,20,35,LW,68,79,67,79,65,72,80,77,79,70,79,86,82,80.0,12,Y
Washington,Markus Hannikainen,42,26,C,65,69,71,66,63,73,70,63,62,68,64,37,35,70.0,4,N
Washington,Markus Nutivaara,2,25,D,67,74,73,76,65,79,75,74,73,77,72,45,43,77.0,4,Y
Washington,Joel Ward,43,39,RW,63,71,77,68,65,70,70,66,62,69,64,86,82,72.0,10,N
Washington,Matthew Benning,3,25,D,72,69,71,75,65,68,72,74,73,73,69,45,43,76.0,4,Y
Washington,Brock Boeser,18,23,RW,65,75,72,80,65,75,75,80,81,69,79,39,37,79.0,4,Y
Washington,Nikita Kucherov,4,26,RW,69,83,71,81,81,69,83,92,92,72,85,61,59,86.0,7,Y
Washington,Nikita Tryamkin,5,25,D,71,69,77,68,60,63,73,66,59,70,59,36,34,72.0,2,N
Washington,Vadim Shipachev,19,33,RW,67,70,69,73,73,66,73,76,73,66,69,30,29,74.0,0,N
Washington,Ryan Getzlaf,22,34,C,82,70,83,81,66,66,70,83,80,73,73,89,84,82.0,12,Y
Washington,Erik Karlsson,68,29,D,73,83,67,83,65,72,84,83,83,77,72,77,75,83.0,11,Y
Washington,Ryan Callahan,51,35,LW,69,75,76,69,65,68,75,69,65,72,66,80,77,75.0,11,N
Washington,Ondrej Palat,31,28,LW,75,75,73,77,65,73,76,78,78,74,72,63,61,79.0,8,Y
Washington,Michael Del Zotto,24,29,D,77,78,69,78,65,71,78,74,75,75,68,73,71,79.0,11,Y
Washington,Ryan Fitzgerald,6,25,C,67,69,67,72,71,71,70,67,65,63,69,29,27,71.0,0,N
Washington,Nikita Gusev,97,27,LW,63,77,66,76,75,71,77,79,79,70,73,38,36,77.0,1,Y
Washington,Greg McKegg,26,27,C,68,72,69,71,64,68,69,68,66,66,68,44,42,72.0,7,Y
Washington,John Persson,25,27,LW,67,66,70,66,60,65,66,54,53,65,62,35,33,66.0,1,N
Washington,Lars Eller,12,30,C,72,75,74,78,82,67,76,75,73,77,73,79,76,79.0,11,Y
Washington,Maxim Lapierre,32,34,C,65,71,70,65,60,59,71,62,62,69,56,70,68,69.0,7,N
Washington,Tyler Motte,7,25,C,80,71,70,74,65,73,74,68,67,70,70,41,39,74.0,4,Y
Washington,Drake Caggiula,34,25,C,77,77,66,75,65,67,77,71,67,66,73,44,42,75.0,4,Y
Washington,Devon Toews,15,26,D,67,66,68,78,65,75,69,76,79,69,73,38,36,76.0,2,Y
Washington,Austin Ortega,13,25,RW,66,70,58,70,67,68,71,68,70,64,68,25,28,70.0,0,N
Washington,Alex Galchenyuk,28,26,C,67,75,74,76,71,70,76,75,75,68,73,62,60,77.0,8,Y
Washington,Artturi Lehkonen,9,24,RW,72,74,73,77,74,72,76,73,71,76,72,47,45,77.0,4,Y
Washington,Bogdan Kiselevich,36,30,D,64,69,70,68,62,69,70,67,68,70,59,38,36,71.0,1,N
Washington,Luca Sbisa,17,30,D,75,72,75,77,62,67,71,75,73,75,67,67,65,78.0,12,Y
Washington,Vladimir Tkachev,17,24,LW,63,70,52,69,55,67,70,69,69,64,67,30,31,69.0,0,N
Washington,"Joel L'Esperance",37,24,C,68,66,69,70,58,68,70,60,58,63,70,35,33,69.0,2,Y
Washington,Ryan Kuffner,38,23,LW,60,68,69,65,57,70,67,57,56,64,57,35,33,65.0,1,N
Washington,Patrick McNally,92,28,D,65,67,68,67,63,68,66,68,68,70,62,28,29,71.0,0,N
Washington,Oskar Sundqvist,14,25,RW,72,74,77,75,65,69,76,72,70,75,71,43,41,77.0,5,Y
Washington,Joonas Donskoi,73,27,LW,66,79,72,76,70,72,78,74,75,75,73,53,51,78.0,5,Y
Washington,Petter Emanuelsson,23,28,RW,68,69,70,68,69,67,67,64,68,69,69,30,31,71.0,0,N
Columbus,Robert Bortuzzo,48,31,D,72,66,76,74,65,61,69,73,70,74,68,58,56,76.0,9,Y
Columbus,Michael Frolik,70,32,RW,68,77,72,75,65,70,75,73,72,71,71,86,82,77.0,12,Y
Columbus,Alexander Edler,34,33,D,83,72,78,82,65,68,71,81,80,76,74,84,80,81.0,12,Y
Columbus,Greg Carey,53,29,C,68,70,64,70,71,70,71,70,70,68,71,27,27,73.0,0,N
Columbus,Alexei Emelin,45,33,D,74,73,74,72,73,66,73,69,64,73,59,66,64,75.0,7,N
Columbus,David Savard,30,29,D,75,75,74,78,82,69,75,74,72,76,68,67,65,79.0,9,Y
Columbus,Derek Grant,57,26,LW,71,72,74,74,65,69,72,72,71,69,71,51,49,75.0,7,Y
Columbus,Brian Boyle,35,35,C,76,70,85,75,65,63,70,70,68,72,73,86,82,77.0,12,Y
Columbus,Adam McQuaid,55,33,D,73,68,79,70,64,58,70,67,62,77,66,69,67,76.0,10,N
Columbus,Marcus Johansson,20,29,RW,66,80,67,77,65,78,80,76,73,69,72,72,70,77.0,10,Y
Columbus,Adam Henrique,27,30,C,70,76,71,78,85,73,76,74,75,73,76,73,71,79.0,10,Y
Columbus,Vincent Trocheck,21,26,C,80,77,72,80,66,68,77,80,80,70,74,56,54,80.0,7,Y
Columbus,Adam Clendening,6,26,D,61,72,71,64,56,67,72,57,56,71,59,39,37,69.0,5,N
Columbus,Ryan MacInnis,9,24,C,67,69,73,69,58,70,67,68,67,69,60,35,33,70.0,1,Y
Columbus,Ryan Carpenter,49,29,RW,73,72,72,75,65,71,73,72,72,69,66,46,44,74.0,5,Y
Columbus,Gustav Nyquist,4,30,RW,67,79,68,79,84,74,79,78,78,70,74,69,67,79.0,9,Y
Columbus,Derek Forbort,8,28,D,74,70,77,79,65,68,69,73,69,76,64,49,47,77.0,5,Y
Columbus,John Hayden,11,25,LW,78,69,74,71,64,53,66,64,63,69,66,39,37,71.0,4,Y
Columbus,Brandon Carlo,7,23,D,75,72,82,79,72,68,72,73,71,78,67,45,43,79.0,4,Y
Columbus,Sean Kuraly,15,27,LW,75,70,72,75,72,67,71,72,69,67,68,45,43,74.0,4,Y
Columbus,Frederik Gauthier,22,24,C,69,67,77,70,64,69,66,69,67,69,67,40,38,72.0,5,Y
Columbus,Mikko Koivu,56,37,C,69,72,73,78,65,69,73,77,75,71,69,90,85,77.0,12,Y
Columbus,Josh Manson,23,28,D,79,72,77,80,67,66,73,75,73,77,67,56,54,79.0,6,Y
Columbus,Josh Archibald,40,27,RW,77,72,70,75,65,70,70,71,69,69,72,44,42,75.0,5,Y
Columbus,Nicolas Petan,12,25,C,69,70,67,73,70,71,70,70,70,69,64,36,37,72.0,0,N
Columbus,Scott Harrington,52,27,D,68,71,74,73,64,69,72,74,72,71,66,43,41,75.0,6,Y
Columbus,Tommy Cross,58,30,D,59,68,64,66,60,70,63,68,64,67,56,37,35,68.0,1,N
Columbus,Derick Brassard,28,32,LW,72,76,72,76,69,69,76,74,74,69,73,86,82,78.0,12,Y
Columbus,Kevin Connauton,19,30,D,73,70,72,76,64,67,67,71,69,74,68,53,51,75.0,7,Y
Columbus,Matthew Tkachuk,10,22,LW,74,75,77,79,73,63,75,81,86,71,80,43,41,81.0,4,Y
Columbus,Carl Hagelin,65,31,LW,69,85,66,76,66,69,83,74,71,70,70,72,70,77.0,9,Y
Columbus,Kevin Czuczman,37,29,D,68,66,71,69,60,64,68,67,66,68,56,36,34,71.0,1,N
Columbus,Daniel Carr,18,28,RW,70,72,74,72,59,71,72,64,64,68,70,41,39,73.0,5,Y
Columbus,Dennis Gilbert,2,23,D,70,69,70,70,58,52,66,69,64,68,66,35,33,71.0,2,Y
Columbus,Rasmus Andersson,3,23,D,68,72,74,77,65,68,72,74,76,76,68,38,36,76.0,4,Y
Minnesota,Brandon Saad,2,27,LW,67,77,74,78,74,77,78,74,73,72,76,66,64,79.0,9,Y
Minnesota,Jake McCabe,5,26,D,75,70,73,78,65,69,70,74,71,74,69,52,50,76.0,7,Y
Minnesota,Pavel Kraskovsky,29,23,C,68,66,75,73,61,65,72,61,64,60,69,25,25,70.0,0,N
Minnesota,John Klingberg,11,27,D,67,79,67,83,67,74,80,85,85,75,74,57,55,82.0,6,Y
Minnesota,Daniel Sprong,30,23,RW,65,72,69,74,61,75,73,70,71,69,72,35,33,74.0,4,Y
Minnesota,Nikolay Goldobin,0,24,LW,64,73,71,74,62,75,74,71,70,71,68,37,35,74.0,5,Y
Minnesota,Logan Couture,52,30,LW,72,75,73,80,69,75,75,80,81,73,78,77,75,81.0,11,Y
Minnesota,T.J. Brodie,34,29,D,69,75,73,80,72,75,76,76,79,80,72,71,69,80.0,10,Y
Minnesota,Pierre-Luc Dubois,1,21,C,74,67,76,79,84,67,67,79,80,65,76,40,38,78.0,3,Y
Minnesota,Zemgus Girgensons,28,26,C,72,72,74,75,71,73,72,70,67,69,69,59,57,75.0,7,Y
Minnesota,William Nylander,3,23,RW,65,78,72,78,68,75,78,79,82,69,77,46,44,79.0,5,Y
Minnesota,Johan Sundstrom,31,27,C,60,66,70,63,60,62,67,61,60,66,54,35,33,66.0,1,N
Minnesota,Aleksi Saarela,7,23,C,65,69,67,69,57,70,69,69,67,64,69,35,33,71.0,1,Y
Minnesota,Kevin Hayes,14,27,C,70,72,77,79,73,72,73,77,76,72,77,59,57,79.0,6,Y
Minnesota,Filip Forsberg,9,25,RW,76,81,71,79,66,70,79,79,82,72,80,57,55,81.0,8,Y
Minnesota,Danton Heinen,6,24,LW,67,74,73,76,76,76,74,75,76,73,71,43,41,77.0,4,Y
Minnesota,Markus Granlund,12,26,C,67,74,69,75,65,73,73,67,66,67,70,51,49,73.0,7,Y
Minnesota,Clayton Stoner,13,35,D,69,68,76,69,60,59,69,67,67,73,65,62,60,74.0,8,N
Minnesota,Evgeny Kuznetsov,91,27,RW,69,80,70,80,73,68,80,84,81,71,76,60,58,81.0,7,Y
Minnesota,Hampus Lindholm,48,26,D,71,76,76,82,66,70,76,76,79,78,71,59,57,80.0,7,Y
Minnesota,Seth Jones,15,25,D,75,74,80,85,69,75,76,83,81,80,75,61,59,83.0,7,Y
Minnesota,Nathan MacKinnon,16,24,C,68,83,71,83,78,72,83,90,91,70,86,59,57,85.0,7,Y
Minnesota,Mark Scheifele,10,27,C,72,76,76,84,72,70,77,83,83,72,82,62,60,83.0,9,Y
Minnesota,Blake Speers,17,23,C,59,67,69,63,60,70,69,54,53,70,54,35,33,64.0,1,N
Minnesota,Travis Hamonic,32,29,D,74,73,75,79,65,66,73,74,75,75,70,71,69,78.0,10,Y
Minnesota,Rourke Chartier,38,23,C,62,64,69,64,58,70,62,57,57,70,62,35,33,66.0,1,N
Minnesota,Dmytro Timashov,19,23,LW,72,73,65,70,65,66,73,69,68,67,67,35,33,72.0,1,Y
Minnesota,Sami Niku,39,23,D,67,70,69,74,59,70,64,74,72,65,64,35,33,72.0,3,Y
Minnesota,Ethan Bear,27,22,D,72,68,70,80,64,70,59,74,76,64,71,35,33,73.0,2,Y
Minnesota,Troy Terry,40,22,RW,65,73,66,76,62,75,64,74,75,67,68,35,33,73.0,3,Y
Minnesota,Francis Perron,22,23,LW,67,71,70,69,68,70,63,62,67,70,69,26,25,71.0,0,N
Minnesota,Vladislav Gavrikov,41,24,D,69,60,73,78,81,71,71,74,74,59,71,35,33,73.0,1,Y
Minnesota,Ian McCoshen,23,24,D,68,68,72,67,61,67,71,63,57,65,66,35,33,70.0,3,N
Minnesota,Jack Roslovic,24,23,C,66,71,70,74,65,76,70,73,72,69,71,38,36,74.0,4,Y
Minnesota,Kevin Stenlund,33,23,C,69,74,74,74,60,70,66,67,69,67,69,35,33,73.0,2,Y
Minnesota,Oscar Lindberg,26,28,C,69,72,72,69,65,67,72,67,65,69,68,49,47,73.0,5,N
Minnesota,Jesper Fast,18,28,RW,74,76,69,77,68,72,76,73,69,69,71,57,55,76.0,7,Y
Minnesota,Kirill Kaprizov,45,22,LW,71,75,64,72,70,70,75,67,73,71,70,27,25,74.0,0,N
Minnesota,Kyle Connor,35,23,LW,65,79,70,81,81,74,79,79,78,68,84,42,40,80.0,4,Y
Minnesota,Martins Dzierkals,36,22,LW,68,66,68,70,69,71,61,71,68,71,63,25,25,70.0,0,N
Minnesota,Oliver Kylington,37,22,D,66,70,70,74,64,70,70,73,66,73,69,35,33,74.0,3,Y
